municipality,site_name,address,block,lot,acreage,mechanism,current_zoning,proposed_zoning,density,total_units,affordable_units,set_aside_pct,tenure,adoption_status,developer,confidence,verification_status,source_url,source_page,source_date,notes
Allendale,Franklin Turnpike (Church of the Guardian Angel) Inclusionary Overlay Zone,"168 West Crescent Avenue area / Franklin Turnpike, Allendale, NJ",1803,1,8.0,inclusionary overlay,,Franklin Turnpike Inclusionary Overlay Residential District (Article XXXVI),12.0,,19,20.0,,adopted-ordinance (existing from Round 3),Church of the Guardian Angel (property owner),high,verified,https://library.njcourts.gov/files/civil/affordable-housing/bergen/allendale-boro/61725AllendaleHEFSPFinaladopted61625reducedPart1.pdf?VersionId=OS80HMqcQEJ9KXkqylWVs6qi4JkWPnvl,"Page 42, Table 21",2025-06-16,"Unmet need mechanism. Potential for 19 affordable units (8.0 ac × 12 du/ac = 96 total × 20% = 19.2). Carried forward from Round 3 plan. Borough code Chapter 270, Article XXXVI. Candidate snapshot incorrectly identified this as '320 Franklin Turnpike' with density 12 du/ac; the HEFSP identifies it as B1803/L1 with 8.0 ac. [src quote: ""Church of the Guardian Angel Overlay Zone B 1803, Lot 1, 8.0 ac total area, @12 du/ac, 20% set-aside.""]"
Allendale,98 Elm Street — Special Needs Unit Conversion,"98 Elm Street, Allendale, NJ",1809,8,,100% affordable special needs (conversion/rehabilitation),,,,2,2,100.0,rental,Consent Order with FSHC; rehabilitation underway,Allendale Housing Inc. (non-profit),high,verified,https://library.njcourts.gov/files/civil/affordable-housing/bergen/allendale-boro/61725AllendaleHEFSPFinaladopted61625reducedPart1.pdf?VersionId=OS80HMqcQEJ9KXkqylWVs6qi4JkWPnvl,"Page 45, Section 4.4",2025-06-16,"Generates 2 credits + 1 bonus credit (capped at 25% of RDP=1). Addresses 3 of the 4-unit RDP. This is the former Saddle Dale Builders site from prior rounds, now a foreclosed deed-restricted unit being purchased and rehabilitated by Borough/Allendale Housing Inc. Borough committed $90,000. [src quote: ""98 Elm Street- Unit conversion to 2-bedroom special needs unit and extension of controls (Block 1809, Lot 8) – Existing to be redeveloped, converted with extension of controls.""]"
Allendale,Allendale Brook Estates — Extension of Deed Restriction Controls,"Carriage Court / Trotters Lane, Allendale, NJ",2101,9,,extension of affordability controls,,,,,2,,sale,in-progress; Borough to exercise purchase rights under expiring deed restrictions,,high,verified,https://library.njcourts.gov/files/civil/affordable-housing/bergen/allendale-boro/61725AllendaleHEFSPFinaladopted61625reducedPart1.pdf?VersionId=OS80HMqcQEJ9KXkqylWVs6qi4JkWPnvl,"Page 45, Table 22",2025-06-16,"Specific condos listed: 3 Trotters Lane (C0003, 3BR, exp 5/15/2032), 7 Trotters Lane (C0007, 1BR, exp 11/4/2032), 11 Trotters Lane (C0011, 2BR, exp 10/15/2032), 86 Carriage Court (C0086, 1BR, exp 12/15/2031). Borough will buy minimum 2, sell at affordable price with new 30-yr deed restriction. Addresses remaining 1 unit of 4-unit RDP plus 1 surplus credit. [src quote: ""Extension of Controls- Extension of controls at Allendale Brook Estates. [2 credits] ... Block 2101, Lot 9, C0003 / C0007 / C0011 / C0086""]"
Allendale,Ramsey Golf & Country Club Inclusionary Overlay Zone,,301 and 406,37 (Block 301) and 21.01 (Block 406),14.3,inclusionary overlay,Farm/Nursery/Golf Course,Ramsey Golf Course Inclusionary Overlay Residential District (Article XXXIV),10.0,,29,20.0,,adopted-ordinance (existing from Round 3),,high,verified,https://library.njcourts.gov/files/civil/affordable-housing/bergen/allendale-boro/61725AllendaleHEFSPFinaladopted61625reducedPart1.pdf?VersionId=OS80HMqcQEJ9KXkqylWVs6qi4JkWPnvl,"Page 42, Table 21",2025-06-16,"Unmet need mechanism. Potential for 29 affordable units (14.3 ac × 10 du/ac = 143 total units × 20% = ~28.6, rounded to 29). Carried forward from Round 3 plan. Borough code Chapter 270, Article XXXIV. [src quote: ""Ramsey Golf & Country Club Overlay Zone, B 301, Lot 37 and Block 406, Lot 21.01, 14.3ac total area, 10 du/ac, 20% set-aside.""]"
Allendale,Allendale Corporate Center Inclusionary Overlay Zone,"90 Boroline Road, Allendale, NJ (northeast corner)",702,14 and 15,15.1,inclusionary overlay,EM (Employment/Manufacturing with overlay),"Allendale Corporate Center Inclusionary Overlay Residential District (Article XXXV, expanded to Lot 15)",12.0,,36,20.0,,Lot 14 existing adopted-ordinance; Lot 15 expansion proposed in Fourth Round HEFSP,,high,verified,https://library.njcourts.gov/files/civil/affordable-housing/bergen/allendale-boro/61725AllendaleHEFSPFinaladopted61625reducedPart1.pdf?VersionId=OS80HMqcQEJ9KXkqylWVs6qi4JkWPnvl,Page 42 Table 21 (Lot 14); Page 47 Section 4.5 (Lot 15 expansion),2025-06-16,"Lot 14 (9.8 ac) from Round 3 zoning = 23 affordable units potential; Lot 15 (5.3 ac) addition proposed for Round 4 = 13 more affordable units. Total 36 affordable units potential at 12 du/ac with 20% set-aside. Borough code Chapter 270, Article XXXV. [src quote: ""Allendale Corporate Center Overlay Zone, B 702, Lot 14, 9.8 ac total area, @12 du/ac, 20% set-aside. [23 potential affordable units] ... the Borough is willing to expand the existing Allendale Corporate Center overlay zone located at Allendale Corporate Center to include Block 702, Lot 15. This additional area would add approximately 5.3 acres to the approximately 9.8-acre of lot 14 for a total of 15.1 acres ... may add an additional 13 affordable units""]"
Alpine,Existing 100% Affordable Site — Expansion (Route 9W),"Route 9W southerly portion, Alpine, NJ",,,,100% affordable (municipally-sponsored expansion),,,,4,4,100.0,rental,proposed; agreement with Bergen County United Way; contingent on septic capacity,Bergen County United Way,high,verified,https://library.njcourts.gov/files/civil/affordable-housing/bergen/alpine-boro/62625Alpine4thRoundHEFSP62425Adoptedwithappendices.pdf?VersionId=GtHT6t7iqBn2veBcdyliouEPdf4H9zff,"Page 30-31, Section IV Fair Share Plan",2025-06-24,"Carries over 4 unmet units from Round 3 (accessory apartment program that was not realized). The existing Prior Round 8-unit site receives 2 additional family apartments + 2 additional bedrooms. If septic capacity is insufficient, Borough commits to identify alternate site within 120 days of NJDEP decision. Block/lot not stated in HEFSP. This is the only Fourth Round site with specific unit obligations — the 117-unit RDP is zero and all prospective need is unmet need addressed only by mandatory set-aside ordinance and development fees with no specific parcels. [src quote: ""Alpine proposes to address its remaining 3rd Round housing obligations through expansion of the existing 100% affordable housing site off of Route 9W in the southerly portion of the municipality. The plan calls for the construction of two (2) additional family apartments and two additional bedrooms.""]"
Bergenfield,Washington Avenue B-1/B-2 Overlay Zone,"Washington Avenue corridor, Bergenfield, NJ",,,,inclusionary overlay (Third Round Unmet Need continuation),B-1 and B-2,Overlay for inclusionary housing along Washington Avenue,,,,,,adopted-ordinance (Third Round; continued in Fourth Round),,high,verified,https://library.njcourts.gov/files/civil/affordable-housing/bergen/bergenfield-boro/PlBdReso2025HsgElementFSP.pdf?VersionId=JRMU8Cx7SmSZxYcAbuaGImf7Xsu5atz9,"Page 26, Section III Fair Share Plan",,"Third Round Unmet Need mechanism continued in Fourth Round. The HEFSP states the overlay is 'limited to a portion of the B-1 zone and a portion of the B-2 zone located along Washington Avenue.' Specific block/lot numbers not stated in plan text; see Appendix E (ordinance). Set-aside is 15% for rental, 20% for sale per borough-wide mandatory set-aside ordinance. NOT a new Fourth Round site; maintained only for Third Round Unmet Need credit. [src quote: ""The second previously adopted amendment created an overlay zone on selected portions of the B-1 zone and B-2 zone along Washington Avenue. Density and the percentage of the mandatory affordable housing setaside are dependent on whether dwellings are to be offered for sale or for rent.""]"
Bergenfield,Foster Village Shopping Center Overlay Zone,"Foster Village, Bergenfield, NJ",351,8,,inclusionary overlay (Third Round Unmet Need continuation),B-1 or B-2 commercial,Overlay for inclusionary housing,,,,,,adopted-ordinance (Third Round; continued in Fourth Round),,high,verified,https://library.njcourts.gov/files/civil/affordable-housing/bergen/bergenfield-boro/PlBdReso2025HsgElementFSP.pdf?VersionId=JRMU8Cx7SmSZxYcAbuaGImf7Xsu5atz9,"Page 25-26, Section III Fair Share Plan",,"This is a Third Round Unmet Need mechanism being CONTINUED in the Fourth Round plan — NOT a new Fourth Round site. Bergenfield has no Fourth Round prospective need (QUAM). The overlay requires at least 30% of all affordable units to contain no fewer than 3 bedrooms. Specific density and set-aside percentages stated as depending on sale vs. rental tenure (see Appendix D to plan). Block/lot confirmed: Block 351 Lot 8. [src quote: ""The first zoning amendments established an overlay zone on Block 351 Lot 8, also known as the Foster Village Shopping Center. This overlay zone will permit the construction of inclusionary housing at this site.""]"
Bogota,West Fort Lee Road Redevelopment Area (The Atwater) — Prior Round/Third Round credit,"172, 229 and 250 West Fort Lee Road, Bogota, NJ",3 and 72,"Lots 3, 4, 7, 8, 9 (Block 3); Lots 1, 2, 3, 4 (Block 72)",13.125,redevelopment area (prior round/Third Round compliance only),Redevelopment Area,,32.0,421,42,10.0,rental,built and occupied,River Development,high,verified,https://library.njcourts.gov/files/civil/affordable-housing/bergen/bogota-boro/61825BogotaAdoptedPlan6.17.25.pdf?VersionId=iwgH_0lyLTCPRF7lrwoIygYfZRWMj7e8,"Page 25-27, Tables 19-20",2025-06-17,"This site (The Atwater) was a Third Round compliance site providing 42 affordable units + 22 bonus credits = 64 credits toward Third Round. It is fully built and occupied. It is NOT a Fourth Round site — it is credited toward satisfying the Third Round obligation. The candidate snapshot listed it as the main site but this is incorrect for Fourth Round purposes. The 10% set-aside was due to site-specific contamination/remediation costs. 31 of 42 affordable units reserved for low/moderate-income military veterans. [src quote: ""West Fort Lee Road Redevelopment Plan – 172, 229 and 250 West Fort Lee Road (Block 3, Lots 3, 4, 7, 8 & 9; Block 72, Lots 1, 2, 3 & 4): There are two adjoining redevelopment areas on West Fort Lee Road. A redevelopment plan has been prepared for this 13.125-acre area, with a maximum permitted density of 32 units per acre and a setaside of 10 percent of new dwelling units as low- and moderate-income units. The site plan and redeveloper's agreement for a 421-unit development, including 42 affordable units, was approved by the Bogota Planning Board in late 2016.""]"
Bogota,Silver Maple Gardens I and II — Extension of Affordability Controls,"348 and 354 Leonia Avenue, Bogota, NJ",34,4.01 (Silver Maple Gardens I) and 2.01 (Silver Maple Gardens II),,extension of affordability controls (age-restricted 100% affordable),,,,20,20,100.0,rental,existing occupied; controls being extended,Housing Development Corporation of Bergen County (HDC); managed by Housing Authority of Bergen County (HABC),high,verified,https://library.njcourts.gov/files/civil/affordable-housing/bergen/bogota-boro/61825BogotaAdoptedPlan6.17.25.pdf?VersionId=iwgH_0lyLTCPRF7lrwoIygYfZRWMj7e8,"Page 26, Section IV",2025-06-17,"Silver Maple Gardens I constructed 1993; Silver Maple Gardens II constructed 1996. Both 2-story garden apartment complexes restricted to Senior Citizens 62+. Standard 30-year affordability controls recently expired or expiring soon; HDC extending controls as part of its mission. Generates 20 credits (extension of controls) toward Fourth Round obligation with no bonus credits applicable (controls extension bonus not applicable to age-restricted). Age-restricted cap: max 30% of Round 4 obligation may be age-restricted = max 25.5 units; 20 units is within cap. [src quote: ""Silver Maple Gardens I – 348 Leonia Avenue (Block 34, Lot 4.01): This development contains 10 affordable one bedroom units... Silver Maple Gardens II – 354 Leonia Avenue (Block 34, Lot 2.01): This development contains 10 affordable one bedroom units... the 20 units provided 20 credits that can be applied to the Fourth Round obligation.""]"
Bogota,River Road Redevelopment Area — Unmet Need/Future,"300, 310 and 316 River Road, Bogota, NJ",64.01,"6.01, 6.02 and 7.01",0.372,inclusionary overlay (mandatory set-aside),Redevelopment area designation; 20% affordable housing overlay per Chapter XXIIB,,,,,20.0,,area designated but no redevelopment plan yet prepared; site not yet redeveloped,,high,verified,https://library.njcourts.gov/files/civil/affordable-housing/bergen/bogota-boro/61825BogotaAdoptedPlan6.17.25.pdf?VersionId=iwgH_0lyLTCPRF7lrwoIygYfZRWMj7e8,"Page 29, Section IV",2025-06-17,"Small 0.372-acre site with 20% set-aside overlay. At minimum density of 12 du/ac, could yield ~1 affordable unit. Listed in HEFSP as an 'other project' under existing inclusionary zoning. Contributes to Fourth Round unmet need compliance through mandatory set-aside ordinance if developed. No redevelopment plan has been prepared. [src quote: ""River Road Redevelopment Area – 300, 310 and 316 River Road (Block 64.01, Lots 6.01, 6.02 and 7.01): This 0.372-acre property is subject to a 20 percent affordable housing overlay per Chapter XXIIB of the Borough's General Ordinances. The site was also determined to be an area in need of redevelopment. A redevelopment plan has not yet been prepared for this area. This site has not been redeveloped to date.""]"
Bogota,The Gabriel,"51 Queen Anne Road, Bogota, NJ",95,1.01 and 1.02,,inclusionary (as-of-right development under variance/rezoning),formerly commercial (gasoline service station),,,34,5,14.7,rental,"built and occupied (approved 2022, constructed)",,high,verified,https://library.njcourts.gov/files/civil/affordable-housing/bergen/bogota-boro/61825BogotaAdoptedPlan6.17.25.pdf?VersionId=iwgH_0lyLTCPRF7lrwoIygYfZRWMj7e8,"Page 26-28, Section IV",2025-06-17,"Generates 5 affordable units + 2.5 bonus credits (former retail/commercial bonus at 0.5 per unit) = 7.5 total credits toward Fourth Round obligation. Since Bogota did not receive a VLA for prior rounds, these credits can be applied to Fourth Round. Built on former gas station site. [src quote: ""The Gabriel – 51 Queen Anne Road (Block 95, Lots 1.01 and 1.02): The Bogota Planning/Zoning Board approved this development in 2022 on a site that was previously occupied by a commercial use, a gasoline service station. The Board granted use, height and bulk variances to permit a four-story multifamily residential building containing 34 dwelling units, including five affordable units.""]"
Carlstadt,"Block 18 Lots 2,3,4 — 447 Garden St & 632/634 Division St",447 Garden St; 632 & 634 Division St,18,"2, 3, 4",0.625,100% affordable senior (redevelopment),,redevelopment (rezoning pending),,16,16,100.0,rental,area in need of redevelopment designated 2024-07-17; rezoning pending; LIHTC/HMFA,TBD (Borough-controlled Lot 2; to purchase Lots 3&4),high,verified,https://library.njcourts.gov/files/civil/affordable-housing/bergen/carlstadt-boro/CarlstadtHEFSPcombinedSignedPART1.pdf,HEFSP Fair Share Plan sec 3.2.4,2025-06-30,"0.625 ac (Lot 2 0.437 ac Borough-owned; Lots 3&4 0.188 ac private). 100% affordable senior: 2 very-low, 6 low, 8 mod = 16 aff units. 40-yr controls. 2 credits + 2 rental bonus = 4 total."
Carlstadt,585 Hoboken Road,585 Hoboken Road,25,12,,inclusionary (family rental),,,,5,1,20.0,rental,"constructed (deed-restricted, CO issued)",,high,verified,https://library.njcourts.gov/files/civil/affordable-housing/bergen/carlstadt-boro/CarlstadtHEFSPcombinedSignedPART1.pdf,HEFSP Fair Share Plan sec 3.2.4,2025-06-30,"PB approval 2017-03-27; 5 units, 20% set-aside (1 aff). 1 RDP credit."
Carlstadt,575 Hoboken Road,575 Hoboken Road,25,13,,inclusionary (family rental),,,,10,2,20.0,rental,"constructed (deed-restricted, CO issued)",,high,verified,https://library.njcourts.gov/files/civil/affordable-housing/bergen/carlstadt-boro/CarlstadtHEFSPcombinedSignedPART1.pdf,HEFSP Fair Share Plan sec 3.2.4,2025-06-30,"PB approval 2012-09-22; renovated industrial bldg, +1 floor, 10 units, 20% set-aside (2 aff: 1 low 3BR, 1 mod 2BR). 2 RDP credits."
Carlstadt,491 Broad Street,491 Broad Street,59,14,,inclusionary,,,,8,1,,rental,renovated; awaiting deed restriction/CO,,high,verified,https://library.njcourts.gov/files/civil/affordable-housing/bergen/carlstadt-boro/CarlstadtHEFSPcombinedSignedPART1.pdf,HEFSP Fair Share Plan sec 3.2.4,2025-06-30,Former restaurant/bar; ZB-approved (via Mt Laurel monitor 2015) 8-unit bldg w/ 1 2BR affordable unit. 1 of 8 affordable. 1 RDP credit.
Carlstadt,400 Hackensack Street,400 Hackensack Street,63,16,,inclusionary (family rental),,,,6,2,33.0,rental,"constructed, occupied (deed-restricted)",,high,verified,https://library.njcourts.gov/files/civil/affordable-housing/bergen/carlstadt-boro/CarlstadtHEFSPcombinedSignedPART1.pdf,HEFSP Fair Share Plan sec 3.2.4,2025-06-30,"6 units, 2 affordable (1 low, 1 very-low). 2 RDP credits."
Closter,Village School Commons (511 Durie Avenue) — Third Round RDP Site,"511 Durie Avenue, Closter, NJ",1316,6,1.57,100% affordable (adaptive reuse/redevelopment),,,,35,35,100.0,rental,construction underway (asbestos abatement in progress as of June 2025),Mastermind Development,high,verified,https://library.njcourts.gov/files/civil/affordable-housing/bergen/closter-boro/PlanningBdResolutionHEFSP.pdf?VersionId=THCHDrR.p9RB7lOkAHMd5Md647glECF4,"Page 28-29, Section on Third Round RDP",2025-06-26,"This is a Third Round RDP site (35 affordable rental credits toward Round 3 RDP). It is adaptive reuse of former Closter Village School. Financed with 4% LIHTC and tax-exempt bond financing through NJHMFA; Borough contributed $2M grant (Ordinance 2025-1352). This site satisfies Third Round RDP, not Fourth Round prospective need directly. Groundbreaking January 21, 2026 per news reports. [src quote: ""Village School is a 100% affordable development that will contain 35 affordable units... located at Block 1316, Lot 6 or 511 Durie Ave. The site contains approximately 1.57 acres... The Borough has partnered with Mastermind to develop the site. Construction has started with the asbestos [abatement].""]"
Closter,District 4B New Overlay Zone,"Industrial/commercial area near Homans Ave/Vervalen Street, Closter, NJ","1601, 1603, 1604","Lots 1-4, 6 and portion of Lot 5 (Block 1601); Blocks 1603 and 1604 in entirety",22.0,inclusionary overlay (new zone designation),Industrial/commercial,District 4B Overlay — residential at 14 du/ac with affordable set-aside,14.0,308,61,20.0,,proposed in Fourth Round HEFSP; implementing ordinance (Appendix E) pending adoption,,high,verified,https://library.njcourts.gov/files/civil/affordable-housing/bergen/closter-boro/PlanningBdResolutionHEFSP.pdf?VersionId=THCHDrR.p9RB7lOkAHMd5Md647glECF4,"Pages 32-33, Section on Round 4 Unmet Need",2025-06-26,"This is the primary Fourth Round unmet need site providing 61 affordable units, meeting the 25% minimum zoning requirement (25% × 241 = 60.25, rounded up to 61). Combined with the District 3A modifications (25 units), total new overlay potential = 86 affordable units, exceeding the 61-unit minimum. The HEFSP states the proposed overlay zone revisions result in 86 potential affordable units total. [src quote: ""New Overlay Zoning on District #4B. This zone district consists of approximately 22 acres and includes the following: Block 1601, Lots 1-4, 6 and a portion of Lot 5; Blocks 1603 and 1604 in their entirety. The proposed overlay zone would permit residential development at 14 units per acre. Therefore, the new overlay zoning offers the potential for 308 total units (22 acres × 14 units per acre = 308), of which 61 would be affordable units.""]"
Closter,District 3A Overlay Zone — Set-Aside Increase and Closter Commons Addition,"Commercial/business district area, Closter, NJ",1607,"3, 3.01 to 3.33 (Closter Commons addition to District 3A); existing District 3A parcels TBD",29.0,inclusionary overlay (set-aside increase + new parcels),District 3A Business Overlay Zone (existing; 15% rental / 20% sale),District 3A with 20% set-aside (regardless of tenure); plus 7 additional acres from Block 1607,10.0,,25,20.0,,proposed in Fourth Round HEFSP; implementing ordinance (Appendix E) pending adoption,,high,verified,https://library.njcourts.gov/files/civil/affordable-housing/bergen/closter-boro/PlanningBdResolutionHEFSP.pdf?VersionId=THCHDrR.p9RB7lOkAHMd5Md647glECF4,"Pages 31-32, Section on Round 4 Unmet Need",2025-06-26,"Two combined changes: (1) Increasing set-aside from 15% to 20% for existing 22 ac of Zone 3A = 11 more units. (2) Adding Block 1607 Lots 3 and 3.01-3.33 (Closter Commons, ~7 ac) to District 3A at 10 du/ac 20% set-aside = 14 more units. Combined = 25 additional potential affordable units from these modifications. The 22 existing Zone 3A acres already zoned; Appendix E draft ordinance rezones Block 1607 into District No. 3A Business Overlay Zone. [src quote: ""Revisions to the District #3A Overlay Zone Set-Aside... increase the required set-aside to 20%... results in the potential for 11 additional affordable units... Addition of Block 1607, Lots 3, and 3.01 to 3.33 to District #3A... results in approximately seven (7) additional acres added to District 3A... results in the potential for an additional 14 affordable units (7 acres × 10 units per acre = 70 potential total units, of which 14 would be affordable units).""]"
Cresskill,Downtown Commercial Zone — Upper Floor Residential Overlay,"Downtown Cresskill (Central Business District, over 16 acres), Cresskill, NJ",,,16.0,inclusionary overlay (second and third floor apartments over commercial),Commercial Zone with overlay for 2nd/3rd floor apartments,,15.0,,,15.0,rental,adopted-ordinance (Third Round); continued in Fourth Round,,high,verified,https://library.njcourts.gov/files/civil/affordable-housing/bergen/cresskill-boro/HousingElementFairSharePlanexecutedandPBapproved.pdf?VersionId=Sf4EcIDzzRVkqRJ0nTmQRqwu3E.n4wwB,"Page 39-40, Section 3.3 Fair Share Plan / Table 25",2025-05-13,"Over 16 acres of downtown rezoned to permit 2nd/3rd floor residential apartments over commercial at 15 units/acre. Table 25 (page 40) shows 'Commercial Zone — Varies — 15 SDU/Ac — Amended zone, limited to 2nd floor only.' Set-aside 15% rental / 20% for-sale per plan standards. Block/lot numbers not individually listed for this citywide overlay. From settlement agreement (para. 9): 'Downtown Commercial Zone — The Borough has rezoned much of the downtown (over 16 acres) to permit 2nd and 3rd Floor apartments.' Fourth Round plan continues this overlay zone in force. [src quote: ""Downtown Commercial Zone -The Borough has rezoned much of the downtown (over 16 acres) to permit 2nd and 3rd Floor apartments over commercial space... Table 25: Plan Components to Address Unmet Need... Commercial Zone — Varies — 15 SDU/Ac — Amended zone, limited to 2nd floor only.""]"
Cresskill,Accessory Apartment Program,"Borough-wide, Cresskill, NJ",,,,accessory apartment program,,,,9,9,100.0,rental,adopted-ordinance (Ord. No. 18-22-1508A); program ongoing,,high,verified,https://library.njcourts.gov/files/civil/affordable-housing/bergen/cresskill-boro/HousingElementFairSharePlanexecutedandPBapproved.pdf?VersionId=Sf4EcIDzzRVkqRJ0nTmQRqwu3E.n4wwB,"Pages 33-35, Section 2-3",2025-05-13,"Program provides minimum $10,000 subsidy per accessory apartment created, deed-restricted for minimum 10 years. Spending Plan earmarks $30,000 average per unit. Has not yet produced any of the 9 targeted units as of plan adoption (ongoing from Third Round). Counts toward Fourth Round unmet need. Continued through end of Fourth Round cycle. [src quote: ""Cresskill proposes to continue the accessory apartment program in the Fourth Round. The Borough will continue to earmark funds in its Spending Plan to continue this program. Cresskill continues to seek nine (9) units of affordable housing credits. The existing accessory apartment ordinance, Ord. No. 18-22-1508A which is to be continued is included as Appendix A-6.""]"
Cresskill,Crestron Electronics Site — Townhouse Residence Zone,"101 Broadway, Cresskill, NJ",181,1,2.57,inclusionary overlay (Townhouse Residence Zone),Townhouse Residence Zone (rezoned per Ord. No. 19-21-1503 A),,,,6,,rental (anticipated),adopted-ordinance (Ord. No. 19-21-1503 A); site developed (Crestron Electronics occupying); development not yet commenced,,high,verified,https://library.njcourts.gov/files/civil/affordable-housing/bergen/cresskill-boro/HousingElementFairSharePlanexecutedandPBapproved.pdf?VersionId=Sf4EcIDzzRVkqRJ0nTmQRqwu3E.n4wwB,"Pages 27-28, Section C",2025-05-13,"2.57-acre lot (plan text says 2.5 acres) on north side of Broadway. Rezoned to Townhouse Residence Zone per Ord. 19-21-1503 A. Can produce 6 rental or 8 for-sale affordable units. Six rental credits (+ 6 bonus) would count toward Third Round and/or Fourth Round cycles. The settlement agreement (Appendix A-1) also references Crestron Electronics site at Block 181 Lot 1 (2.57 acres). Candidate snapshot correctly identified Block 181 Lot 1 with 6 rental/8 for-sale but misidentified density as 15 du/ac and set-aside as 15%; the HEFSP only states unit counts, not specific density/set-aside for this Townhouse Residence Zone. [src quote: ""Cresskill rezoned a fully developed site owned by Creston Electronics (101 Broadway; Block 181 Lot 1) allowing development of either 6 rental units or 8 for-sale units affordable units on this 2.5-acre tract... Based on current market conditions, we anticipate this site will be developed with rental units, thus generating six (6) Third Round affordable housing credits and a like number of bonus credits that can be applied to both the Third Round and future affordable housing cycles.""]"
Cresskill,S&K Auto Site — Affordable Housing Site II Zone,"38 Broadway, Cresskill, NJ",182,18-28,,inclusionary overlay (Affordable Housing Site II zone),Affordable Housing Site II (rezoned per Ord. No. 18-23-1511 A),,15.0,,,15.0,rental (anticipated based on market conditions),adopted-ordinance (Ord. No. 18-23-1511 A); site not yet developed,,high,verified,https://library.njcourts.gov/files/civil/affordable-housing/bergen/cresskill-boro/HousingElementFairSharePlanexecutedandPBapproved.pdf?VersionId=Sf4EcIDzzRVkqRJ0nTmQRqwu3E.n4wwB,"Pages 27-28, Section on Third Round compliance; Page 38, Table 24 (S&K Auto pending 1 credit); Page 38-39 Section 3.3",2025-05-13,"Site at 38 Broadway (Block 182 Lots 18-28). Permitted at 15 du/ac; 15% set-aside for rental, 20% for sale. Plan anticipated 1 credit from Third Round (pending); continued in Fourth Round as an ongoing unmet need mechanism. Affordable Housing Site II zone. The HEFSP table lists it as '1 Pending' affordable unit credit toward Third Round RDP at Table 24. [src quote: ""The S&K Auto site is a large and underutilized site that has been rezoned into a new Affordable Housing II zone. This zone will permit 15 dwelling units per acre, require a 15% or 20% affordable housing setaside depending on ownership model... Cresskill continues to support inclusionary housing to be developed on this site during the upcoming Fourth Round housing cycle. Ord. No. 18-23-1511 A, which rezoned this property to allow for a residential inclusionary development is included as Appendix A-4.""]"
Demarest,Accessory Apartment Program,,,,,accessory apartment program,,,,,,,rental,ongoing,,high,verified,https://ecf.njcourts.gov/lib/BER/DEM001FourthRoundAmendedHEFSPADOPTED.pdf?VersionId=N7nd6OY1H.Gde9cgOyePugdN1HRVZDgx,Plan for Addressing the Prospective Need section,2026-02-04,"Borough-wide program. No block/lot applicable. Mentioned as supplemental mechanism. [src quote: ""Accessory Apartment Program""]"
Demarest,95 County Road,95 County Road,145,5,2.13,inclusionary,,,,8,2,25.0,rental,under construction,,high,verified,https://ecf.njcourts.gov/lib/BER/DEM001FourthRoundAmendedHEFSPADOPTED.pdf?VersionId=N7nd6OY1H.Gde9cgOyePugdN1HRVZDgx,Plan for Addressing the Prospective Need section,2026-02-04,"Under construction. Counts toward 25% RDP requirement. [src quote: ""95 County Road… Block 145, Lot 5… 2.13 acres… eight-unit townhouse development, including two affordable units""]"
Demarest,127 Hardenburgh Avenue (Bergen County United Way),127 Hardenburgh Avenue,23,13,0.54,100% affordable,,,,17,17,100.0,rental,"approved, construction starts fall 2026",Bergen County United Way,high,verified,https://ecf.njcourts.gov/lib/BER/DEM001FourthRoundAmendedHEFSPADOPTED.pdf?VersionId=N7nd6OY1H.Gde9cgOyePugdN1HRVZDgx,Plan for Addressing the Prospective Need section,2026-02-04,"100% affordable rental by Bergen County United Way. Construction starts fall 2026. Counts toward 25% RDP requirement. [src quote: ""127 Hardenburgh Avenue… Block 23, Lot 13… 0.54 acres… 17-unit, 100% affordable building""]"
Demarest,Downtown Rehabilitation Area Overlay,Downtown Demarest,"23, 46, 49, 49.01","9, 10, 12, 13 (incl. 14), 15, 16, 17.01, 17.02 (incl. 19, 20, 23), 21 / 664, 760, 764 / 39.01, 40.01 (incl. 41.02), 41.01, 50, 51, 52 / 43.01, 43.02, 44, 45, 47.02",11.23,inclusionary overlay / redevelopment,,Downtown Rehabilitation Area,25-40,,,50.0,rental,overlay adopted,,high,verified,https://ecf.njcourts.gov/lib/BER/DEM001FourthRoundAmendedHEFSPADOPTED.pdf?VersionId=N7nd6OY1H.Gde9cgOyePugdN1HRVZDgx,Plan for Addressing the Prospective Need section,2026-02-04,"11.23-acre downtown rehabilitation area. 25-40 du/ac density. 50% set-aside for stand-alone affordable buildings. This is the primary unmet need mechanism. [src quote: ""Block 23, Lots 9, 10, 12, 13 (including Lot 14), 15, 16, 17.01, 17.02 (including Lots 19, 20, and 23), and 21 / Block 46, Lots 664, 760, and 764 / Block 49, Lots 39.01, 40.01 (including Lot 41.02), 41.01, 50, 51, and 52 / Block 49.01, Lots 43.01, 43.02, 44, 45, and 47.02""]"
Demarest,232 County Road,232 County Road,63,5,,inclusionary by-right rezoning,,permits 7-unit townhome as-of-right,,7,1,14.0,sale,"rezoned per Dec 29, 2025 mediation agreement",232 County Development LLC,high,verified,https://ecf.njcourts.gov/lib/BER/DEM001FourthRoundAmendedHEFSPADOPTED.pdf?VersionId=N7nd6OY1H.Gde9cgOyePugdN1HRVZDgx,Plan for Addressing the Prospective Need section,2026-02-04,"From December 29, 2025 mediation agreement with 232 County Development LLC. Counts toward 25% RDP requirement. Candidate snapshot had this as Block 63 Lot 5 — confirmed. [src quote: ""232 County Road (Block 63, Lot 5)… rezoned to allow for the construction of a seven-unit townhome development, including one affordable unit, as of right""]"
Dumont,Downtown Overlay Zone,B2 Zone downtown area (~52 acres),,,52.0,inclusionary overlay,B2 Business,Downtown Overlay Zone District,20-24,,,15.0,rental,"adopted March 6, 2018",,high,verified,https://ecf.njcourts.gov/lib/BER/DumontBoroughAdoptedHEFSPFinal61125ExB.pdf?VersionId=UIFVSZbr2p2FvD.vdzjud7QZOJHsDmEr,Pages 20-22 (Pg 20-22 of 46),2025-06-11,"Approximately 52 acres of B2 zone. Maximum density 20 du/ac (24 du/ac in limited sections of ~6 acres). Primary unmet need mechanism; expected to generate ~150-200 affordable units at full build-out. No specific block/lot — zone-wide. [src quote: ""The Borough adopted an overlay district on March 6, 2018 over a large portion of the downtown area within the B2 Zone… The downtown overlay zone requires an affordable housing set-aside of 15 percent of all residential units, where affordable units will be for rent, or 20 percent of all residential units, where affordable units will be for sale.""]"
Dumont,Municipal Set-Aside Ordinance,,,,,mandatory set-aside ordinance,,,,,,15.0,,"adopted March 3, 2018",,high,verified,https://ecf.njcourts.gov/lib/BER/DumontBoroughAdoptedHEFSPFinal61125ExB.pdf?VersionId=UIFVSZbr2p2FvD.vdzjud7QZOJHsDmEr,Page 22 (Pg 22 of 46),2025-06-11,"Borough-wide MSO. No block/lot applicable. Supplemental mechanism. [src quote: ""The Borough also adopted an ordinance on March 3, 2018 which required that any multi-family development with a density of 6 dwelling units per acre or higher shall provide an affordable housing set-aside at a rate of 15 percent, where affordable units will be for rent, or 20 percent, where affordable units will be for sale.""]"
Dumont,125 Washington Avenue (Dunkin),125 Washington Avenue,1216,1,,inclusionary rental above retail,,,,,1,,rental,proposed,,high,verified,https://ecf.njcourts.gov/lib/BER/DumontBoroughAdoptedHEFSPFinal61125ExB.pdf?VersionId=UIFVSZbr2p2FvD.vdzjud7QZOJHsDmEr,Page 22 (Pg 22 of 46),2025-06-11,"Infill bonus applies; 1.5 total credits. Candidate snapshot had Block 1216 Lot 1 — confirmed. [src quote: ""Located above an existing retail development, 125 Washington (B. 1216, L. 1) will be a multi-family rental project that will create one (1) affordable unit.""]"
Dumont,2 West Madison Avenue,2 West Madison Avenue,905,11 & 12,,redevelopment,,Area in Need of Redevelopment (non-condemnation),,48,7,15.0,rental,"AINR designation adopted January 7, 2025; redevelopment plan in preparation",,high,verified,https://ecf.njcourts.gov/lib/BER/DumontBoroughAdoptedHEFSPFinal61125ExB.pdf?VersionId=UIFVSZbr2p2FvD.vdzjud7QZOJHsDmEr,Page 21-22 (Pg 21 of 46),2025-06-11,"AINR designation resolution adopted January 7, 2025 (Block 905, Lot 12 only per resolution; plan text lists Lots 11 & 12). Qualifies for 1/2 infill bonus credit: 10.5 total credits. Candidate had this site with low confidence — Block/lot now confirmed. [src quote: ""Two West Madison (B. 905 L. 11 & 12) is subject to a recently approved Area in Need of Redevelopment (non-condemnation) designation, and a draft redevelopment plan is being prepared… the project is expected to generate 48 units, of which seven (7) will be affordable housing units.""]"
Dumont,219 Washington Avenue,219 Washington Avenue,908,22,,inclusionary (requires special overlay zoning for density),,Special overlay zone to be adopted,,9,2,22.0,sale,proposed; application not yet filed; overlay zoning to be adopted,"Fermano Builders, LLC",high,verified,https://ecf.njcourts.gov/lib/BER/DumontBoroughAdoptedHEFSPFinal61125ExB.pdf?VersionId=UIFVSZbr2p2FvD.vdzjud7QZOJHsDmEr,Page 22 (Pg 22 of 46),2025-06-11,"Infill bonus applies; 2.5 total credits. Requires 'D' variance for density; Borough will adopt special overlay zone. [src quote: ""Fermano Builders, LLC has proposed to erect a nine (9) unit multi-family townhome development with two (2) affordable units at 219 Washington Ave (B. 908, L. 22).""]"
East Rutherford,Tomu Development Co. ('Meadows'),Meadows,107.03,"2, 5, 7",,builder's remedy / inclusionary (NJSEA jurisdiction),NJSEA jurisdiction,,,420,60,,rental,"approved (2006 builder's remedy), no development application filed",Tomu Development Co.,high,verified,https://ecf.njcourts.gov/lib/BER/6225EastRutherfordHEFSPAppendicesFINALSPart1.pdf?VersionId=qAIOQl09Ugwq.To65F8PQ8kGYfkjCYG5,Table 19 / Page 28 (Pg 28 of 55),2025-06-02,"Under NJSEA jurisdiction. Prior Round credit (60 units). Site available but no developer has moved forward. Candidate had Block 107 — confirmed as Block 107.03. [src quote: ""Tomu Development Co. (Block 107.03, Lots 2, 5, and 7) site was the subject of the 2006 builder's remedy… A settlement determined that the site would produce 60 affordable family rental units.""]"
East Rutherford,The Monarch Phase I,100-200 Schindler Court,108.04,5.01/5.02,,inclusionary (NJSEA jurisdiction),NJSEA jurisdiction,,,316,32,10.0,rental,completed,,high,verified,https://ecf.njcourts.gov/lib/BER/6225EastRutherfordHEFSPAppendicesFINALSPart1.pdf?VersionId=qAIOQl09Ugwq.To65F8PQ8kGYfkjCYG5,Table 19 / Page 28-29 (Pg 28-29 of 55),2025-06-02,"Completed. 7 units to Prior Round, 25 units to Third Round. Under NJSEA jurisdiction. [src quote: ""The Monarch (Block 108.04, Lot 5.01/5.02) is located within the jurisdiction of the NJSEA. This project includes a total of 316 units, of which 32 units, or 10 percent, are affordable.""]"
East Rutherford,AHO Zone — 20-30 Willow Street,20-30 Willow Street,25,"4, 4.01, 4.02, 5",,inclusionary overlay (AHO Zone),AHO Zone (NC base),AHO Zone,25.0,26,5,20.0,rental,site plan approved January/February 2025 (Resolution 2025-01),,high,verified,https://ecf.njcourts.gov/lib/BER/6225EastRutherfordHEFSPAppendicesFINALSPart1.pdf?VersionId=qAIOQl09Ugwq.To65F8PQ8kGYfkjCYG5,Page 31 (Pg 31 of 55),2025-06-02,"Unmet Need mechanism. Candidate had Block 25 Lots 1,2 — document confirms Lots 4, 4.01, 4.02, 5 specifically for the approved project. [src quote: ""In January 2025, the Zoning Board of Adjustment granted site plan approval for a 26-unit inclusionary family rental development on Block 25, Lots 4, 4.01, 4.02, and 5, also known as 20-30 Willow Street, as memorialized by Resolution 2025-01 on February 6, 2025. Of the 26 units, five (5) units, or >19 percent, will be set aside as affordable.""]"
East Rutherford,AHO-B Zone / Central Avenue Redevelopment — 10-20 Oak Street,10-20 Oak Street,26,1.01,7.44,inclusionary overlay (AHO-B Zone),AHO-B Zone (NC base) within Central Avenue AINR,AHO-B Zone,27.5,208,30,20.0,rental,completed (2021),,high,verified,https://ecf.njcourts.gov/lib/BER/6225EastRutherfordHEFSPAppendicesFINALSPart1.pdf?VersionId=qAIOQl09Ugwq.To65F8PQ8kGYfkjCYG5,Pages 30-32 (Pg 30-32 of 55),2025-06-02,"Completed 2021. Contributes to Third Round Unmet Need. Candidate had Block 26 Lots 1,2 — confirmed now as Lot 1.01 (merged). [src quote: ""Block 26, Lots 1 and 2 (now Lot 1.01). These properties, located at 10 and 20 Oak Street, respectively, total 7.44 acres. The Borough's Planning Board granted site plan approval for 208 inclusionary rental units by Resolution 17-05 on Block 26, Lots 1 and 2. The project was completed in 2021, providing a total of 30 affordable units.""]"
East Rutherford,AHO-C Zone — Block 6 Lot 12 (Madison Street),Madison Street,6,12,6.22,inclusionary overlay (AHO-C Zone),AHO-C Zone (I Light Industrial base),AHO-C Zone,20.0,,25,15.0,rental,overlay zoned; site available/developable,,high,verified,https://ecf.njcourts.gov/lib/BER/6225EastRutherfordHEFSPAppendicesFINALSPart1.pdf?VersionId=qAIOQl09Ugwq.To65F8PQ8kGYfkjCYG5,Page 36 (Pg 36 of 55),2025-06-02,"Unmet Need overlay zone. Industrial/office use currently; potential for redevelopment. ~25 affordable units possible. [src quote: ""Block 6, Lot 12. This property, located along Madison Street, totals 6.22 acres. The permitted density could yield about 25 affordable units.""]"
East Rutherford,HDCBC 100% Affordable Housing Development,105 Main Street,66,10,,100% affordable,,,,,,100.0,rental,proposed (no application in pipeline),Housing Development Corp. of Bergen County (HDCBC),high,verified,https://ecf.njcourts.gov/lib/BER/6225EastRutherfordHEFSPAppendicesFINALSPart1.pdf?VersionId=qAIOQl09Ugwq.To65F8PQ8kGYfkjCYG5,Page 41-42 (Pg 41-42 of 55),2025-06-02,"Fourth Round unmet need mechanism. Adjacent to HABC sites at Lots 8 and 9. No specific project in pipeline yet. [src quote: ""The HDCBC intends to build a new 100% affordable housing development at Block 66, Lot 10 (105 Main Street)… a 100% affordable development could easily occur during the Fourth Round, 2025-2035, provided that there is sufficient funding and organizational capacity.""]"
East Rutherford,150 Union Avenue (KS Rock),150 Union Avenue,77,"3, 4",,redevelopment,,"Redevelopment Plan adopted September 24, 2024 (Ordinance 2024-17)",,120,18,15.0,rental,redevelopment plan adopted,KS Rock LLC,high,verified,https://ecf.njcourts.gov/lib/BER/6225EastRutherfordHEFSPAppendicesFINALSPart1.pdf?VersionId=qAIOQl09Ugwq.To65F8PQ8kGYfkjCYG5,Page 31-32 (Pg 31-32 of 55),2025-06-02,"Settlement Agreement with KS Rock LLC August 21, 2024. Redevelopment Plan adopted by Ordinance 2024-17 September 24, 2024. [src quote: ""The Mayor & Council designated 150 Union Avenue (Block 77, Lots 3, 4, and 5) as a non-condemnation area in need of redevelopment… The Redevelopment Plan permits a total of 120 units, of which it requires a 15 percent set-aside of units as affordable, or 18 affordable family units.""]"
East Rutherford,10-20 Winter Place,10-20 Winter Place,77,5,,redevelopment,,"Redevelopment Plan adopted December 17, 2024 (Ordinance 2024-23)",,18,3,15.0,rental,redevelopment plan adopted,,high,verified,https://ecf.njcourts.gov/lib/BER/6225EastRutherfordHEFSPAppendicesFINALSPart1.pdf?VersionId=qAIOQl09Ugwq.To65F8PQ8kGYfkjCYG5,Page 32-33 (Pg 32-33 of 55),2025-06-02,"Third Round credit. [src quote: ""The Mayor & Council adopted a Redevelopment Plan for 10-20 Winter Place on December 17, 2024 by Ordinance 2024-23. The Redevelopment Plan permits a total of 18 units, of which it requires a 15 percent set-aside of units as affordable, or 3 affordable family units.""]"
East Rutherford,AHO-C Zone — Block 8 Lot 10 (Madison Street),Madison Street,8,10,3.6,inclusionary overlay (AHO-C Zone),AHO-C Zone (I Light Industrial base),AHO-C Zone,20.0,,14,15.0,rental,overlay zoned; site available/developable,,high,verified,https://ecf.njcourts.gov/lib/BER/6225EastRutherfordHEFSPAppendicesFINALSPart1.pdf?VersionId=qAIOQl09Ugwq.To65F8PQ8kGYfkjCYG5,Page 36-37 (Pg 36-37 of 55),2025-06-02,"Unmet Need overlay zone. Industrial/office use currently; potential for redevelopment. ~14 affordable units possible. [src quote: ""Block 8, Lot 10. This property, located along Madison Street, totals 3.6 acres. The permitted density could yield about 14 affordable units.""]"
East Rutherford,4 Jersey Street,4 Jersey Street,9,1,,redevelopment,,"Redevelopment Plan adopted April 25, 2023",,14,3,15.0,rental,redevelopment plan adopted; site plan pending before Planning Board after November 2024 denial,,high,verified,https://ecf.njcourts.gov/lib/BER/6225EastRutherfordHEFSPAppendicesFINALSPart1.pdf?VersionId=qAIOQl09Ugwq.To65F8PQ8kGYfkjCYG5,Page 31 (Pg 31 of 55),2025-06-02,"Site plan denied November 18, 2024. New application expected 2025. [src quote: ""The Mayor & Council adopted a Redevelopment Plan for 4 Jersey Street, memorialized by Resolution 2023-11 on April 25, 2023… The Redevelopment Plan permits a total of 14 units, of which it requires a 15 percent set-aside of rental units as affordable.""]"
East Rutherford,263 Hackensack Street,50 Winter Place / 263 Hackensack Street,"97, 98","5, 1",,redevelopment,,"Redevelopment Plan adopted May 17, 2022",,86,13,15.0,rental,"site plan approved October 21, 2024",,high,verified,https://ecf.njcourts.gov/lib/BER/6225EastRutherfordHEFSPAppendicesFINALSPart1.pdf?VersionId=qAIOQl09Ugwq.To65F8PQ8kGYfkjCYG5,Page 31 (Pg 31 of 55),2025-06-02,"Redevelopment plan adopted May 2022. Site plan approved by Planning Board resolution PB24-04 October 21, 2024. Third Round credit. [src quote: ""263 Hackensack Street (Block 97, Lot 5 and Block 98, Lot 1)… site plan application consisting of 86 dwelling units, of which 13 units, or 15 percent, are affordable.""]"
Edgewater,1339 River Road,"1339 River Road, Edgewater, NJ",17,"1, 2, 3.01, 3.02",4.5,inclusionary — site plan approved,,,,,5,,,"Site plan approved 2023, amended 2025",,high,verified,https://library.njcourts.gov/files/civil/affordable-housing/bergen/edgewater-boro/EdgewaterHEFSP.pdf?VersionId=_fd64NvVw2pPCoL9BWohXxUJvqQ71Hq7,Round 4 compliance sites section,,"Spans Block 17 and Block 18; 4.5 acres; 5 affordable units; inclusionary; site plan approved and amended [src quote: ""1339 River Road — Block 17, Lots 1, 2, 3.01, 3.02 and Block 18, Lots 1.03 and 2.01 — 4.5 acres — 5 affordable units — site plan approved 2023, amended 2025""]"
Edgewater,1339 River Road (Block 18 parcels),"1339 River Road, Edgewater, NJ",18,"1.03, 2.01",,inclusionary — site plan approved,,,,,,,,"Site plan approved 2023, amended 2025",,high,verified,https://library.njcourts.gov/files/civil/affordable-housing/bergen/edgewater-boro/EdgewaterHEFSP.pdf?VersionId=_fd64NvVw2pPCoL9BWohXxUJvqQ71Hq7,Round 4 compliance sites section,,"Second block for the 1339 River Road project; combined with Block 17 lots for total 5 affordable units [src quote: ""Block 18, Lots 1.03 and 2.01 — part of 1339 River Road site — 5 affordable units total across both blocks""]"
Edgewater,"435, 437, 439 Undercliff Avenue (A-Home)","435, 437, 439 Undercliff Avenue, Edgewater, NJ",50,4,,market-to-affordable conversion — condominiums,,,,,11,,sale,completed,A-Home (Affordable Housing of Metropolitan Edgewater),high,verified,https://library.njcourts.gov/files/civil/affordable-housing/bergen/edgewater-boro/EdgewaterHEFSP.pdf?VersionId=_fd64NvVw2pPCoL9BWohXxUJvqQ71Hq7,Round 4 compliance sites section,,"Spans Block 50 Lot 4 and Block 50 Lot 6; 11 affordable units; market-to-affordable condo conversions [src quote: ""435, 437, 439 Undercliff Avenue — Block 50, Lot 4 and Block 50, Lot 6 — 11 affordable units — market-to-affordable condos — A-Home (Affordable Housing of Metropolitan Edgewater)""]"
Edgewater,"435, 437, 439 Undercliff Avenue (second parcel)","435-439 Undercliff Avenue, Edgewater, NJ",50,6,,market-to-affordable conversion — condominiums,,,,,,,sale,completed,A-Home (Affordable Housing of Metropolitan Edgewater),high,verified,https://library.njcourts.gov/files/civil/affordable-housing/bergen/edgewater-boro/EdgewaterHEFSP.pdf?VersionId=_fd64NvVw2pPCoL9BWohXxUJvqQ71Hq7,Round 4 compliance sites section,,"Second parcel for the Undercliff Avenue A-Home project; total 11 affordable units across Block 50 Lots 4 and 6 [src quote: ""Block 50, Lot 6 — part of 435-439 Undercliff Ave A-Home project — 11 affordable units total across both lots""]"
Edgewater,Affordable Housing 2 District (AH-2),"Various addresses along River Road area, Edgewater, NJ",78,"3, 4, 4.01, 5, 6, 8, 9.01, 9.02, 10, 12, 13",8.7,inclusionary overlay — AH-2 District,AH-2 District,AH-2 District,12.0,105,16,15.0,,Ordinance adopted,,high,verified,https://library.njcourts.gov/files/civil/affordable-housing/bergen/edgewater-boro/EdgewaterHEFSP.pdf?VersionId=_fd64NvVw2pPCoL9BWohXxUJvqQ71Hq7,Round 4 compliance sites section,,"Spans Block 78 and Block 79; 8.7 acres; 12 du/ac; 105 total units / 16 affordable (15% set-aside) [src quote: ""Affordable Housing 2 District (AH-2) — Block 78, Lots 3, 4, 4.01, 5, 6, 8, 9.01, 9.02, 10, 12, 13 and Block 79, Lots 1, 2.01, 2.02, 2.03, 2.04, 3, 4, 5 — 8.7 acres — 12 du/ac — 105 total / 16 affordable (15% set-aside)""]"
Edgewater,Affordable Housing 2 District (AH-2) — Block 79 parcels,"Various addresses, Edgewater, NJ",79,"1, 2.01, 2.02, 2.03, 2.04, 3, 4, 5",,inclusionary overlay — AH-2 District,AH-2 District,AH-2 District,12.0,,,15.0,,Ordinance adopted,,high,verified,https://library.njcourts.gov/files/civil/affordable-housing/bergen/edgewater-boro/EdgewaterHEFSP.pdf?VersionId=_fd64NvVw2pPCoL9BWohXxUJvqQ71Hq7,Round 4 compliance sites section,,"Block 79 parcels are part of the same AH-2 District project as Block 78 parcels above; 105 total/16 affordable combined [src quote: ""Block 79, Lots 1, 2.01, 2.02, 2.03, 2.04, 3, 4, 5 — part of AH-2 District — 105 total / 16 affordable (15% set-aside)""]"
Edgewater,Quanta — 225 River Road Unit B,"225 River Road, Unit B, Edgewater, NJ",91,1,3.14,inclusionary overlay — R-5 District,R-5 District,R-5 District,105.0,,,15.0,,Proposed — Letter of Intent,Quanta,high,verified,https://library.njcourts.gov/files/civil/affordable-housing/bergen/edgewater-boro/EdgewaterHEFSP.pdf?VersionId=_fd64NvVw2pPCoL9BWohXxUJvqQ71Hq7,Round 4 compliance sites section,,"Second parcel of two-parcel Quanta project; 259 affordable units total across both parcels (Block 95 Lot 1 + Block 91 Lot 1) [src quote: ""225 River Road, Unit B — Block 91, Lot 1 — 3.14 acres — part of Quanta 259-affordable-unit project — 15% set-aside at 105 du/ac""]"
Edgewater,Quanta — 145 River Road,"145 River Road, Edgewater, NJ",95,1,13.3,inclusionary overlay — R-5 District,R-5 District,R-5 District,105.0,,,15.0,,Proposed — Letter of Intent,Quanta,high,verified,https://library.njcourts.gov/files/civil/affordable-housing/bergen/edgewater-boro/EdgewaterHEFSP.pdf?VersionId=_fd64NvVw2pPCoL9BWohXxUJvqQ71Hq7,Round 4 compliance sites section,,"Two-parcel Quanta project totaling 259 affordable units; 15% set-aside at 105 du/ac; Letter of Intent stage as of HEFSP adoption [src quote: ""Quanta – 145 River Road + 225 River Road, Unit B — Block 95, Lot 1 / Block 91, Lot 1 — 13.3 acres / 3.14 acres — 259 affordable units — R-5 District, 105 du/ac, 15% set-aside — proposed (Letter of Intent)""]"
Edgewater,8 Somerset Lane (Senior Housing),"8 Somerset Lane, Edgewater, NJ",99,1.19,0.3,100% affordable — senior redevelopment (occupied),,,,75,75,100.0,rental,Completed / occupied,,high,verified,https://library.njcourts.gov/files/civil/affordable-housing/bergen/edgewater-boro/EdgewaterHEFSP.pdf?VersionId=_fd64NvVw2pPCoL9BWohXxUJvqQ71Hq7,Round 4 compliance sites section,,"100% affordable senior housing; 75 one-bedroom units; occupied at time of HEFSP; 0.3 acres [src quote: ""8 Somerset Lane — Block 99, Lot 1.19 — 0.3 acres — 75 affordable senior 1BR units (100% affordable, occupied)""]"
Elmwood Park,ElmPark 401-407 Route 46,401-407 Route 46,,,,redevelopment,,Redevelopment Plan adopted May 2023,,58,9,,rental,redevelopment plan adopted May 2023,,high,verified,https://ecf.njcourts.gov/lib/BER/LetterProposedFirstAmendment4thRound.Part1.pdf?VersionId=h6X6ZBe.uUimp0wYZY2sGK5DtyVKIzz.,Fair Share Plan section,2026-02-24,"Redevelopment plan adopted May 2023. No block/lot stated in OCR text for this site. [src quote: ""58 units, of which nine (9) would be family affordable rental units""]"
Elmwood Park,Transitional/Sober Living (DB House Sober Living),,,,,transitional/supportive housing,,,,,5,,rental,existing,DB House Sober Living,high,verified,https://ecf.njcourts.gov/lib/BER/LetterProposedFirstAmendment4thRound.Part1.pdf?VersionId=h6X6ZBe.uUimp0wYZY2sGK5DtyVKIzz.,Fair Share Plan section,2026-02-24,"5 transitional/sober living bedrooms applied under 10% special needs cap. No block/lot in OCR text. [src quote: ""Transitional/Sober Living (DB House Sober Living) — 5 transitional bedrooms (10% cap)""]"
Elmwood Park,Market Street Redevelopment Plan,Market Street,,,,redevelopment (inclusionary overlay — to be amended),,Market Street Redevelopment Plan (originally adopted 2020; to be amended),,,23,15.0,rental,original plan adopted 2020; amendment pending per PDR directive,,high,verified,https://ecf.njcourts.gov/lib/BER/LetterProposedFirstAmendment4thRound.Part1.pdf?VersionId=h6X6ZBe.uUimp0wYZY2sGK5DtyVKIzz.,Fair Share Plan section,2026-02-24,"This is the primary mechanism for the 23-unit 25% Unmet Need requirement. PDR directed Borough to amend the plan and adopt realistic zoning. No block/lot in OCR text for this site. Candidate snapshot had Market Street site as Block 902 Lots 3,4 — this may not be the same parcel. [src quote: ""Market Street Redevelopment Plan… originally adopted 2020, to be amended; 15% rental/20% for-sale set-aside; at full build-out 260-366 affordable units possible""]"
Elmwood Park,689 River Drive,689 River Drive,1202,21,,redevelopment,,"Area in Need of Redevelopment designated May 19, 2022",,16,3,,rental,AINR designation adopted; project proposed,,high,verified,https://ecf.njcourts.gov/lib/BER/LetterProposedFirstAmendment4thRound.Part1.pdf?VersionId=h6X6ZBe.uUimp0wYZY2sGK5DtyVKIzz.,Fair Share Plan section,2026-02-24,"AINR designated May 19, 2022. 16-unit stacked townhomes, 3 affordable. [src quote: ""Block 1202, Lot 21… 16 stacked townhouse units, of which three (3) units would be affordable family rentals""]"
Elmwood Park,Meridia/Royal Warsaw,871 River Drive,1602,"2, 3, 4, 26",,redevelopment,,"Redevelopment Plan adopted February 16, 2023",,149,23,15.0,rental,redevelopment plan adopted; negotiations ongoing,Meridia,high,verified,https://ecf.njcourts.gov/lib/BER/LetterProposedFirstAmendment4thRound.Part1.pdf?VersionId=h6X6ZBe.uUimp0wYZY2sGK5DtyVKIzz.,Fair Share Plan section,2026-02-24,"Redevelopment plan adopted February 16, 2023. Negotiations ongoing as of February 2026. Candidate snapshot had Block 902 Lots 3,4 — corrected by document to Block 1602 Lots 2,3,4,26. Key correction. [src quote: ""871 River Drive… Block 1602, Lots 2, 3, 4, & 26 … 149 units, including a 23-unit (15%) affordable family rental set-aside""]"
Emerson,RC Overlay Zone — Old Hook Road / Main Street,Old Hook Road and Main Street,1301,"1.01, 1.02",7.8,inclusionary overlay (new RC overlay zone),RC Retail Commercial Zone,"RC Overlay Zone (new, per Round 4 HEFSP)",30.0,234,47,20.0,rental,draft ordinance prepared (Appendix E); zoning to be adopted,,high,verified,https://ecf.njcourts.gov/lib/BER/EmersonHEFSPpart1.pdf?VersionId=a2qVjKjBv9hr8nuMR.oPKiVNQqokDnr2,Page 30 (Pg 34 of 62),2025-06-19,"Primary Round 4 unmet need mechanism. 47 affordable units exceeds the required 43 (25% of 170-unit adjusted unmet need). Candidate had 'Old Hook Road overlay' with no block/lot — now confirmed Block 1301 Lots 1.01 & 1.02. Key correction. [src quote: ""the Borough proposes to create a new overlay zone district for the properties known as Block 1301, Lots 1.01 and 1.02. These properties are presently improved with commercial structures and uses and are situated in the Retail Commercial/RC Zone Districts that are located along Old Hook Road and Main Street. The combined acreage of the of these lots is approximately 7.8 acres. The proposed zoning ordinance… would permit multifamily residential development at a density of 30 units per acre with a required 20% affordable housing set-aside. Therefore, the new overlay zoning offers the potential for 234 units, of which 47 would be affordable units.""]"
Emerson,Veterans' Housing,324 Main Street,304,3,,100% affordable / veterans housing,,,,,18,100.0,rental,existing (14 units); 4 additional units approved,,high,verified,https://ecf.njcourts.gov/lib/BER/EmersonHEFSPpart1.pdf?VersionId=a2qVjKjBv9hr8nuMR.oPKiVNQqokDnr2,Page 28 (Pg 32 of 62) and Page 30 (Pg 34 of 62),2025-06-19,"14 existing units credited to Round 3. 4 additional units approved for Round 4, reducing Unmet Need from 174 to 170. Candidate had 'Block 419 Emerson Station' as separate — Veterans' Housing is at Block 304 Lot 3. [src quote: ""Veterans' Housing development, located at 324 Main Street (Block 304, Lot 3)… provided 14 units of affordable housing credit toward the Round 3 obligation. Four (4) additional units have been approved at the Veterans' Housing site, 324 Main Street.""]"
Emerson,Block 419 — Kinderkamack Road Mixed Use,Kinderkamack Road,419,"1, 2, 3, 4, 6.01, 6.02, 7, 8, 9, 10",,redevelopment (mixed-use),,Redevelopment Plan,,147,29,,rental,under construction,,high,verified,https://ecf.njcourts.gov/lib/BER/EmersonHEFSPpart1.pdf?VersionId=a2qVjKjBv9hr8nuMR.oPKiVNQqokDnr2,Page 28 (Pg 32 of 62),2025-06-19,"Round 3 RDP site. 29 affordable rental units. 7 may be provided off-site. Candidate had Block 419 — confirmed. [src quote: ""The Block 419 project is located on Kinderkamack Road and includes Block 419, Lots 1, 2, 3, 4 6.01, 6.02, 7, 8, 9 and 10. The development is presently under construction. The project is the result of a Redevelopment Plan and Agreement. The Block 419 development is a mixed use development containing both retail use and 147 total residential units, of which 29 are affordable.""]"
Emerson,Emerson Grand off-site affordable units,18 Emerson Plaza West,603,3,,100% affordable (off-site per settlement),,,,,4,100.0,rental,deed restricted per settlement,,high,verified,https://ecf.njcourts.gov/lib/BER/EmersonHEFSPpart1.pdf?VersionId=a2qVjKjBv9hr8nuMR.oPKiVNQqokDnr2,Page 28 (Pg 32 of 62),2025-06-19,"Off-site affordable units for Emerson Grand (55 Emerson Plaza East, Block 616 Lot 16). Deed restriction secured by settlement. Round 3 credit. [src quote: ""the units were not deed restricted… A settlement was reached whereby the owner agreed to deed restrict the four affordable units at 18 Emerson Plaza West (Block 603, Lot 3).""]"
Englewood,215 West Englewood Avenue (substitute AHO),"215 West Englewood Avenue, Englewood, NJ",2008,"18, 19, 20",1.22,inclusionary overlay — new substitute AHO (NC zone),NC,NC with AHO,,,,,,new substitute site included in adopted Round 4 HEFSP,,high,verified,https://library.njcourts.gov/files/civil/affordable-housing/bergen/englewood-city/6625EnglewoodHEFSPAdoptedFinalS.pdf?VersionId=ppEQTdOxvSaSiXAGe9.x7Alu1D5f7SEG,New substitute sites section,2025-06-06,"Spans Block 2008 and Block 2009; 1.22 acres; NC zone; substitute for removed AHO areas [src quote: ""215 West Englewood Avenue (Block 2008, Lots 18-20 & Block 2009, Lots 20-22) — 1.22 acres — NC zone — substitute AHO site""]"
Englewood,215 West Englewood Avenue (Block 2009 parcels),"215 West Englewood Avenue, Englewood, NJ",2009,"20, 21, 22",,inclusionary overlay — new substitute AHO (NC zone),NC,NC with AHO,,,,,,new substitute site included in adopted Round 4 HEFSP,,high,verified,https://library.njcourts.gov/files/civil/affordable-housing/bergen/englewood-city/6625EnglewoodHEFSPAdoptedFinalS.pdf?VersionId=ppEQTdOxvSaSiXAGe9.x7Alu1D5f7SEG,New substitute sites section,2025-06-06,"Block 2009 parcels for the same 215 W Englewood Ave substitute AHO site as Block 2008 lots above [src quote: ""Block 2009, Lots 20-22 — part of 215 West Englewood Avenue substitute AHO project — 1.22 acres total across both blocks""]"
Englewood,First Student Charter Bus — AHO Overlay Site 1,,2407,7,,inclusionary overlay — AHO (Third Round extended),,AHO overlay (35 du/ac),35.0,,,,,"Ordinance adopted (Third Round, extended into Round 4)",,high,verified,https://library.njcourts.gov/files/civil/affordable-housing/bergen/englewood-city/6625EnglewoodHEFSPAdoptedFinalS.pdf?VersionId=ppEQTdOxvSaSiXAGe9.x7Alu1D5f7SEG,Table 27 — Third Round AHO zones carried into Round 4,2025-06-06,"Two-lot AHO zone at 35 du/ac; Third Round AHO extended into Fourth Round per Table 27 [src quote: ""First Student Charter Bus (Block 2407, Lot 7; Block 2801, Lot 1) at 35 du/ac — Table 27 AHO Zones""]"
Englewood,Flatrock Square (existing credit),"Flatrock Square, Englewood, NJ",2605,2.03,,100% affordable — existing credit,,,,,14,,,existing/completed (Third Round credit),,high,verified,https://library.njcourts.gov/files/civil/affordable-housing/bergen/englewood-city/6625EnglewoodHEFSPAdoptedFinalS.pdf?VersionId=ppEQTdOxvSaSiXAGe9.x7Alu1D5f7SEG,Third Round credits / existing affordable housing section,2025-06-06,"14 affordable units credited from Third Round; existing development [src quote: ""Flatrock Square (Block 2605, Lot 2.03) = 14 affordable units — Third Round credit""]"
Englewood,First Student Charter Bus — AHO Overlay Site 2,,2801,1,,inclusionary overlay — AHO (Third Round extended),,AHO overlay (35 du/ac),35.0,,,,,"Ordinance adopted (Third Round, extended into Round 4)",,high,verified,https://library.njcourts.gov/files/civil/affordable-housing/bergen/englewood-city/6625EnglewoodHEFSPAdoptedFinalS.pdf?VersionId=ppEQTdOxvSaSiXAGe9.x7Alu1D5f7SEG,Table 27 — Third Round AHO zones carried into Round 4,2025-06-06,"Second lot of the First Student Charter Bus AHO overlay at 35 du/ac [src quote: ""Block 2801, Lot 1 — part of First Student Charter Bus two-lot AHO site at 35 du/ac""]"
Englewood,370-406 Grand Avenue (substitute AHO),"370-406 Grand Avenue, Englewood, NJ",2910,"3, 4.01",,inclusionary overlay — new substitute AHO (SBD zone),SBD,SBD with AHO,,,,,,new substitute site included in adopted Round 4 HEFSP,,high,verified,https://library.njcourts.gov/files/civil/affordable-housing/bergen/englewood-city/6625EnglewoodHEFSPAdoptedFinalS.pdf?VersionId=ppEQTdOxvSaSiXAGe9.x7Alu1D5f7SEG,New substitute sites section,2025-06-06,"Spans Block 2910 and Block 2912; SBD zone; substitute for removed AHO areas [src quote: ""370-406 Grand Avenue (Block 2910, Lots 3 & 4.01 and Block 2912, Lot 6) — SBD zone — substitute AHO site""]"
Englewood,370-406 Grand Avenue (Block 2912 parcel),"370-406 Grand Avenue, Englewood, NJ",2912,6,,inclusionary overlay — new substitute AHO (SBD zone),SBD,SBD with AHO,,,,,,new substitute site included in adopted Round 4 HEFSP,,high,verified,https://library.njcourts.gov/files/civil/affordable-housing/bergen/englewood-city/6625EnglewoodHEFSPAdoptedFinalS.pdf?VersionId=ppEQTdOxvSaSiXAGe9.x7Alu1D5f7SEG,New substitute sites section,2025-06-06,"Block 2912 parcel for the same Grand Avenue substitute AHO site as Block 2910 lots above [src quote: ""Block 2912, Lot 6 — part of 370-406 Grand Avenue substitute AHO site — SBD zone""]"
Englewood,West Street New Site (substitute AHO),"West side of West Street, Englewood, NJ",605,"3, 4, 5, 6, 7",1.32,inclusionary overlay — new substitute AHO (D-2d zone),D-2d,D-2d with AHO,,,,,,new substitute site included in adopted Round 4 HEFSP,,high,verified,https://library.njcourts.gov/files/civil/affordable-housing/bergen/englewood-city/6625EnglewoodHEFSPAdoptedFinalS.pdf?VersionId=ppEQTdOxvSaSiXAGe9.x7Alu1D5f7SEG,New substitute sites section,2025-06-06,"1.32 acres; D-2d zone; substitute for removed AHO areas; density not stated in HEFSP [src quote: ""West side of West Street (Block 605, Lots 3-7) — 1.32 acres — D-2d zone — new substitute AHO site replacing removed zones""]"
Englewood Cliffs,Southern Sylvan Avenue Overlay Zone D,Sylvan Avenue west of Sherwood Avenue,"130, 313, 314, 411","22-25, 1-3, 10-15, 16-23",41.38,new inclusionary overlay (Fourth Round unmet need),B-2 Zoning District,Southern Sylvan Avenue Overlay Zone D (new — to be adopted),20-24,,166,20.0,rental,proposed; zoning ordinance to be adopted,,high,verified,https://ecf.njcourts.gov/lib/BER/HEFSPEnglewoodCliffsPart1.pdf?VersionId=OwZ34YGfpjExt9jmEHqDI_fwEoUGH0OV,Table 33 / Pages 51-52 (Pg 51-52 of 73),2025-06-30,"New Fourth Round unmet need overlay zone. 41.38 acres in B-2 district. 166 aff units (residential) or 199 aff units (mixed-use). To be adopted. Candidate had 'Southern Sylvan Blocks 130/314/411' — now fully confirmed with all blocks/lots. [src quote: ""The Overlay Zone shall apply to the following properties: Block 130, Lots 22-25, Block 313, Lots 1-3, Block 314, Lots 10-15, and Block 411, Lots 16-23. The unconstrained acreage of the Overlay Zone totals approximately 41.38 acres… totaling to a maximum of 827 residential units, inclusive of 166 affordable units. Alternatively… mixed commercial/residential project… inclusive of 199 affordable units.""]"
Englewood Cliffs,Cioffi Site (20-32 Sylvan Avenue / 4 Bayview Avenue),20-32 Sylvan Avenue and 4 Bayview Avenue,"201, 205","10-14, 1, 2, 4",1.985,inclusionary mixed-use (Downtown Tiers IHO-2 Zone),B-3 Zone / IHO-2 Overlay,"Downtown Tiers (Hudson Terrace, East Palisades and B-3 Zone) Inclusionary Housing Overlay -2 (IHO-2)",24.18,48,10,20.0,rental,proposed; developer CFI Development LLC has expressed commitment,"CFI Development, LLC",high,verified,https://ecf.njcourts.gov/lib/BER/HEFSPEnglewoodCliffsPart1.pdf?VersionId=OwZ34YGfpjExt9jmEHqDI_fwEoUGH0OV,Table 32 / Pages 44-50 (Pg 48-54 of 73),2025-06-30,"Fourth Round RDP site. 8 individual lots totaling 1.985 acres. Candidate had Block 201 Lots 10-14 — confirmed; also includes Block 205 Lots 1,2,4. Key clarification. [src quote: ""10 units from the Cioffi Site (20-32 Sylvan Avenue and 4 Bayview Avenue; Block 201, Lots 10-14, Block 205, Lots 1,2, & 4). The proposal is for a three-story inclusionary mixed-use development consisting of 9,494 square feet of commercial space on the ground floor and forty-eight (48) apartments on the upper two floors. The residential portion of the development includes a twenty percent (20%) set aside that will create ten (10) affordable family rental units.""]"
Englewood Cliffs,New LG / North Woods (111 Sylvan Avenue),111 Sylvan Avenue,207,6,3.5,inclusionary overlay (IH-1 Zone; portion of site),Inclusionary Housing-1 (IH-1) Zone,IH-1 Zone via Ordinance 20-13,12.0,60,12,20.0,rental,zoned; development pending,,high,verified,https://ecf.njcourts.gov/lib/BER/HEFSPEnglewoodCliffsPart1.pdf?VersionId=OwZ34YGfpjExt9jmEHqDI_fwEoUGH0OV,Table 30 / Page 42 (Pg 42 of 73),2025-06-30,"Third Round RDP site. 3.5-acre portion of larger Block 207 Lot 6 parcel. Rezoned IH-1 via Ordinance 20-13. [src quote: ""12 affordable units from the New LG/North Woods site (Portion of Block 207 Lot 6 located at 111 Sylvan Avenue). A development of up to sixty (60) total family units with a 20% affordable housing set-aside, yielding 12 affordable non-age-restricted housing units, shall be permitted on a +/- 3.5-acre portion of the 'New LG site' (Block 207, Lot 6).""]"
Englewood Cliffs,Hudson Terrace / Michaels Development / 'Cliffs on Hudson' (100% Affordable),474 & 482 Hudson Terrace and 4 Clendinen Place / 488 Hudson Terrace,"513, 514","5, 7 (Block 513); 4, 5 (Block 514)",approx. 1.64 (+0.24 vacated Clendinen Place),100% affordable (municipally sponsored),,,,65,65,100.0,rental,"site plan approved August 8, 2024; under construction","Michaels Development Company I, L.P.",high,verified,https://ecf.njcourts.gov/lib/BER/HEFSPEnglewoodCliffsPart1.pdf?VersionId=OwZ34YGfpjExt9jmEHqDI_fwEoUGH0OV,Table 30 / Pages 41-42 (Pg 41-42 of 73),2025-06-30,"Third Round RDP site. Under construction. 46 rental bonus credits applied toward Third Round RDP. Candidate had 'Southern Sylvan Blocks 130/314/411' — these are different sites (unmet need overlay zones); Hudson Terrace/Cliffs on Hudson is the 100% affordable site. [src quote: ""Borough-owned Block 513, Lot 7, Block 514, Lots 4 & 5 (approximately 1.4-acres owned by the Borough), and an approximately 0.24-acre, 190 feet long portion of Clendinen Place to-be-vacated… Block 513, Lot 5 at 488 Hudson Terrace… On August 8, 2024, the Planning Board granted amended preliminary and final site plan approval for the 'Cliffs on Hudson' project, which will provide 65 affordable family rental units (14 very-low, 19 low, 32 moderate).""]"
Englewood Cliffs,Southern Sylvan Avenue Overlay Zone C,Sylvan Avenue / Demarest Avenue,617,"6, 13-17",2.7935,new inclusionary overlay (Fourth Round unmet need),B-4 and R-B Zoning Districts,Southern Sylvan Avenue Overlay Zone C (new — to be adopted),20-24,,11,20.0,rental,proposed; zoning ordinance to be adopted,,high,verified,https://ecf.njcourts.gov/lib/BER/HEFSPEnglewoodCliffsPart1.pdf?VersionId=OwZ34YGfpjExt9jmEHqDI_fwEoUGH0OV,Table 33 / Pages 50-51 (Pg 50-51 of 73),2025-06-30,"New Fourth Round unmet need overlay zone. 11 aff units (residential) or 14 aff units (mixed-use). To be adopted. Candidate did not identify this specific zone. [src quote: ""The Overlay Zone shall apply to the following properties: Block 617, Lots 6 and 13-17. The unconstrained acreage of the Overlay Zone totals approximately 2.7935 acres… totaling to a maximum of 55 residential units, inclusive of 11 affordable units. Alternatively… 24 units per acre… totaling to a maximum of 67 residential units, inclusive of 14 affordable units.""]"
Englewood Cliffs,800 Sylvan Avenue,800 Sylvan Avenue,910,1,28.78,inclusionary (builder's remedy settlement),,,,450,90,20.0,rental,approved; under construction,800 Sylvan Avenue LLC,high,verified,https://ecf.njcourts.gov/lib/BER/HEFSPEnglewoodCliffsPart1.pdf?VersionId=OwZ34YGfpjExt9jmEHqDI_fwEoUGH0OV,Table 30 / Pages 41-43 (Pg 41-43 of 73),2025-06-30,"Third Round RDP site. Under construction. Appellate Division affirmed July 15, 2022. 28.78-acre site. Candidate had 800 Sylvan Ave — confirmed as Block 910 Lot 1. [src quote: ""90 affordable family rental units from 800 Sylvan Avenue (Block 910, Lot 1). On July 15, 2022, the Appellate Division of the Superior Court of New Jersey upheld the Settlement Agreement for the provision of 450 residential units, inclusive of 90 affordable family rental units, at 800 Sylvan Avenue. The 800 Sylvan Avenue site has secured approvals and is currently under construction.""]"
Fair Lawn,Fair Lawn Avenue Affordable Housing Overlay District,,"3605, 3609, 3722, 3726, 4601, 4619, 4701, 4701.01","3605 L1,2; 3609 L14; 3722 L1-5; 3726 L2,3,5,5.01,6; 4601 L2-6; 4619 L1-4; 4701 L5-7; 4701.01 L1",,inclusionary overlay (codified),,Fair Lawn Avenue AH Overlay District,,,,20.0,,codified overlay (Borough Code Ch.49),,high,verified,https://ecode360.com/10050604,Borough Code Ch.49 (eCode360),2025,Along Fair Lawn Ave between Chandler Dr & Abbott Rd. 20% set-aside (mixed-use)/15%. Multi-parcel inclusionary overlay.
Fair Lawn,Fair Lawn Avenue Site (Block 4702 Lot 1) — CR Combined Residential District,Corner of Route 208 and Fair Lawn Avenue,4702,1,20.0,inclusionary overlay (codified),,CR Combined Residential District,17.65,352,,20.0,,codified overlay (Borough Code Ch.49),,high,verified,https://ecode360.com/10050604,Borough Code Ch.49 (eCode360),2025,"Max 17.65 du/ac on ~20 acres; max 352 dwelling units; 20% affordable set-aside. Validates Phase-1 candidate '~352 units, 20%'."
Fair Lawn,River Road Overlay (Fair Lawn Ave–Berdan Ave),,"5610, 5611, 5612, 5613, 5616, 5626, 5628, 5724","5610 L1.01,23-44.01; 5611 L42-81; 5612 L1-22,44-50; 5613 L1-17; 5616 L1; 5626 L1; 5628 L19,20,22; 5724 L1.02-6,15+",,inclusionary overlay (codified),,River Road overlay,,,,15.0,,codified overlay (Borough Code Ch.49),,medium,verified,https://ecode360.com/10050604,Borough Code Ch.49 (eCode360),2025,River Road between Fair Lawn Ave and Berdan Ave; large multi-block overlay. Set-aside per district standards (15%/20%).
Fairview,429-439 Fairview Avenue (ZBA Approved Inclusionary),"429-439 Fairview Avenue, Fairview, NJ",217,12,,inclusionary overlay,,,,30,5,15.0,rental,ZBA approved,,high,verified,https://library.njcourts.gov/files/civil/affordable-housing/bergen/fairview-boro/FinalHEFSPPart1.pdf?VersionId=b01A7bWthzTcUUZmk5cZPLKcF.YBJtKC,p.25 (VLA/RDP Table),2025-06-23,"RDP site. Counts toward 4th Round RDP of 16. 15% rental set-aside. [src quote: ""B:217 L:12 | 429-439 Fairview Avenue | 30 units | 15% set-aside | 5 affordable | ZBA approved""]"
Fairview,251-281 Broad Avenue (ZBA Approved Inclusionary),"251-281 Broad Avenue, Fairview, NJ",802,1-4,,inclusionary overlay,,,,112,11,10.0,rental,ZBA approved,,high,verified,https://library.njcourts.gov/files/civil/affordable-housing/bergen/fairview-boro/FinalHEFSPPart1.pdf?VersionId=b01A7bWthzTcUUZmk5cZPLKcF.YBJtKC,p.25 (VLA/RDP Table),2025-06-23,"RDP site. Counts toward 4th Round RDP of 16. 10% rental set-aside. [src quote: ""B:802 L:1-4 | 251-281 Broad Avenue | 112 units | 10% set-aside | 11 affordable | ZBA approved""]"
Fort Lee,511 Main Street Redevelopment (Family Rental),"511 Main Street, Fort Lee, NJ",4454,22,,redevelopment,,,,,2,,rental,approved,,high,verified,https://library.njcourts.gov/files/civil/affordable-housing/bergen/fort-lee-boro/SignedFinalFortLeeFourthroundHousingElementandFairSharePlan62325.pdf?VersionId=oyVwlKT1wB.e5bwRIcuoGAmL7DUTpAl4,p.25 (VLA/RDP Table),2025-06-23,"RDP site. 2 affordable units per VLA table. [src quote: ""B:4454 L:22 | 511 Main Street | Family Rental | 2 affordable""]"
Fort Lee,2130 Center Ave Redevelopment (Family Rental),"2130 Center Avenue, Fort Lee, NJ",5952,1,,redevelopment,,,,,,,rental,approved,,high,verified,https://library.njcourts.gov/files/civil/affordable-housing/bergen/fort-lee-boro/SignedFinalFortLeeFourthroundHousingElementandFairSharePlan62325.pdf?VersionId=oyVwlKT1wB.e5bwRIcuoGAmL7DUTpAl4,p.25 (VLA/RDP Table),2025-06-23,"RDP site. Total units and affordable unit count garbled in OCR; plan narrative states total RDP = 30 units across all 4 sites. [src quote: ""B:5952 L:1 | 2130 Center Ave | Family Rental""]"
Fort Lee,1550 Bergen Blvd Redevelopment (Family Rental),"1550 Bergen Boulevard, Fort Lee, NJ",6451,"5.02, 5.03",,redevelopment,,,,,5,,rental,approved,,high,verified,https://library.njcourts.gov/files/civil/affordable-housing/bergen/fort-lee-boro/SignedFinalFortLeeFourthroundHousingElementandFairSharePlan62325.pdf?VersionId=oyVwlKT1wB.e5bwRIcuoGAmL7DUTpAl4,p.25 (VLA/RDP Table),2025-06-23,"RDP site. 5 affordable units per VLA table. [src quote: ""B:6451 L:5.02,5.03 | 1550 Bergen Blvd | Family Rental | 5 affordable""]"
Fort Lee,2464 Lemoine Ave Redevelopment (Family Rental),"2464 Lemoine Avenue, Fort Lee, NJ",7151,4,,redevelopment,,,,,2,,rental,approved,,high,verified,https://library.njcourts.gov/files/civil/affordable-housing/bergen/fort-lee-boro/SignedFinalFortLeeFourthroundHousingElementandFairSharePlan62325.pdf?VersionId=oyVwlKT1wB.e5bwRIcuoGAmL7DUTpAl4,p.25 (VLA/RDP Table),2025-06-23,"RDP site. 2 affordable units per VLA table. [src quote: ""B:7151 L:4 | 2464 Lemoine Ave | Family Rental | 2 affordable""]"
Franklin Lakes,AH Overlay 4 (Unmet Need - Becton Dickinson/Hekemian Campus Area),,"1404, 1404.01",multiple,28.0,inclusionary overlay,,AH Overlay 4,13.0,,,,,zoned,SHG Franklin Lakes LLC (S. Hekemian Group),high,verified,https://library.njcourts.gov/files/civil/affordable-housing/bergen/franklin-lakes-boro/62025FranklinLakesFourthRoundHEFSPADOPTED.pdf?VersionId=0s40Y1eJh1EEYquLCmcvDPDbFrDvPvdC,p.23-25 (Unmet Need Overlays Table),2025-06-20,"Unmet Need mechanism. Corresponds to Becton Dickinson campus area per settlement with SHG/Hekemian. Density 13 du/ac. Candidate snapshot showed 800 total/160 affordable — those figures not confirmed in adopted HEFSP; overlay merely establishes zoning framework. [src quote: ""AH Overlay 4: Block 1404 (multiple lots) + Block 1404.01 (multiple lots) (~28 ac), 13 du/ac""]"
Franklin Lakes,McCoy Place (Special Needs 100% Affordable),,"1406, 1408",1406 L:1; 1408 L:1,,100% affordable,,,,,39,100.0,rental,completed,,high,verified,https://library.njcourts.gov/files/civil/affordable-housing/bergen/franklin-lakes-boro/62025FranklinLakesFourthRoundHEFSPADOPTED.pdf?VersionId=0s40Y1eJh1EEYquLCmcvDPDbFrDvPvdC,"p.17-18 (Table, Plan Components)",2025-06-20,"Prior/Third Round RDP component, completed. 100% special needs rental. Credited toward RDP of 445. [src quote: ""McCoy Place (Block 1406 L:1, Block 1408 L:1) - 39 affordable, 100% special needs rental, developed""]"
Franklin Lakes,Colonial Pointe,,1411,2,,100% affordable,,,,,18,,rental,completed,,high,verified,https://library.njcourts.gov/files/civil/affordable-housing/bergen/franklin-lakes-boro/62025FranklinLakesFourthRoundHEFSPADOPTED.pdf?VersionId=0s40Y1eJh1EEYquLCmcvDPDbFrDvPvdC,"p.17-18 (Table, Plan Components)",2025-06-20,"Prior/Third Round RDP component, completed. Credited toward RDP of 445. [src quote: ""Colonial Pointe (Block 1411, Lot 2) - 18 affordable, family rental, developed""]"
Franklin Lakes,AH Overlay 2 (Unmet Need),,"1418, 1518","1418 L:1.01; 1518 L:2,5.01",7.0,inclusionary overlay,,AH Overlay 2,14.0,,,,,zoned,,high,verified,https://library.njcourts.gov/files/civil/affordable-housing/bergen/franklin-lakes-boro/62025FranklinLakesFourthRoundHEFSPADOPTED.pdf?VersionId=0s40Y1eJh1EEYquLCmcvDPDbFrDvPvdC,p.23-25 (Unmet Need Overlays Table),2025-06-20,"Unmet Need mechanism. Density 14 du/ac. [src quote: ""AH Overlay 2: Block 1418 L:1.01, Block 1518 L:2,5.01 (~7 ac), 14 du/ac""]"
Franklin Lakes,AH Overlay 7 (Unmet Need - Small Residential),,1512.01,"15, 15.01, 17",2.0,inclusionary overlay,,AH Overlay 7,,20,,,sale,zoned,,high,verified,https://library.njcourts.gov/files/civil/affordable-housing/bergen/franklin-lakes-boro/62025FranklinLakesFourthRoundHEFSPADOPTED.pdf?VersionId=0s40Y1eJh1EEYquLCmcvDPDbFrDvPvdC,p.23-25 (Unmet Need Overlays Table),2025-06-20,"Unmet Need mechanism. Up to 20 total homes (for-sale). Set-aside pct not stated in HEFSP for this overlay. [src quote: ""AH Overlay 7: Block 1512.01 L:15,15.01,17 (~2 ac), up to 20 homes""]"
Franklin Lakes,AH Overlay 1 (Unmet Need),,1513,1,16.0,inclusionary overlay,,AH Overlay 1,12.0,,,,,zoned,,high,verified,https://library.njcourts.gov/files/civil/affordable-housing/bergen/franklin-lakes-boro/62025FranklinLakesFourthRoundHEFSPADOPTED.pdf?VersionId=0s40Y1eJh1EEYquLCmcvDPDbFrDvPvdC,p.23-25 (Unmet Need Overlays Table),2025-06-20,"Unmet Need mechanism. Set-aside 15% rental / 20% for-sale. Density 12 du/ac. [src quote: ""AH Overlay 1: Block 1513 Lot 1 (~16 ac), 12 du/ac, 15%/20% set-aside""]"
Franklin Lakes,AH Overlay 5 (Unmet Need),,1516.01,"1, 1.01, 1.16, 1.15, 1.14, 1.13, 1.12, 1.11",14.0,inclusionary overlay,,AH Overlay 5,18.0,,,,,zoned,,high,verified,https://library.njcourts.gov/files/civil/affordable-housing/bergen/franklin-lakes-boro/62025FranklinLakesFourthRoundHEFSPADOPTED.pdf?VersionId=0s40Y1eJh1EEYquLCmcvDPDbFrDvPvdC,p.23-25 (Unmet Need Overlays Table),2025-06-20,"Unmet Need mechanism. Density 18 du/ac. [src quote: ""AH Overlay 5: Block 1516.01 L:1,1.01,1.16,1.15,1.14,1.13,1.12,1.11 (~14 ac), 18 du/ac""]"
Franklin Lakes,AH Overlay 6 (Unmet Need),,1517,"1, 2",3.0,inclusionary overlay,,AH Overlay 6,16.0,,,,,zoned,,high,verified,https://library.njcourts.gov/files/civil/affordable-housing/bergen/franklin-lakes-boro/62025FranklinLakesFourthRoundHEFSPADOPTED.pdf?VersionId=0s40Y1eJh1EEYquLCmcvDPDbFrDvPvdC,p.23-25 (Unmet Need Overlays Table),2025-06-20,"Unmet Need mechanism. Density 16 du/ac. [src quote: ""AH Overlay 6: Block 1517 L:1,2 (~3 ac), 16 du/ac""]"
Franklin Lakes,Franklin Manor (Family Rental),,"1518, 1519",1518 L:10; 1519 L:1,1.7,inclusionary,,,,52,8,,rental,completed,,high,verified,https://library.njcourts.gov/files/civil/affordable-housing/bergen/franklin-lakes-boro/62025FranklinLakesFourthRoundHEFSPADOPTED.pdf?VersionId=0s40Y1eJh1EEYquLCmcvDPDbFrDvPvdC,"p.17-18 (Table, Plan Components)",2025-06-20,"Prior/Third Round RDP component, completed. Credited toward RDP of 445. [src quote: ""Franklin Manor (Block 1518 L:10, Block 1519 L:1) - 8 affordable family rental, developed (1.7 acres, 52 total units)""]"
Franklin Lakes,AH Overlay 3 (Unmet Need),,2201.08,2,11.0,inclusionary overlay,,AH Overlay 3,10.0,,,,,zoned,,high,verified,https://library.njcourts.gov/files/civil/affordable-housing/bergen/franklin-lakes-boro/62025FranklinLakesFourthRoundHEFSPADOPTED.pdf?VersionId=0s40Y1eJh1EEYquLCmcvDPDbFrDvPvdC,p.23-25 (Unmet Need Overlays Table),2025-06-20,"Unmet Need mechanism. Density 10 du/ac. [src quote: ""AH Overlay 3: Block 2201.08 Lot 2 (~11 ac), 10 du/ac""]"
Franklin Lakes,Mill Pond Affordable Housing,,2514,1,,100% affordable,,,,90,15,,rental,completed,,high,verified,https://library.njcourts.gov/files/civil/affordable-housing/bergen/franklin-lakes-boro/62025FranklinLakesFourthRoundHEFSPADOPTED.pdf?VersionId=0s40Y1eJh1EEYquLCmcvDPDbFrDvPvdC,"p.17-18 (Table, Plan Components)",2025-06-20,"Prior/Third Round RDP component, completed. Credited toward RDP of 445. [src quote: ""Mill Pond (Block 2514, Lot 1) - 15 affordable of 90 total, family rental, completed 2007-2008""]"
Franklin Lakes,Parsons Pond (Cigna/IBM Site - Mixed Inclusionary + 100% Affordable),"400 Parsons Pond Drive, Franklin Lakes, NJ",2607,1,88.72,inclusionary overlay + 100% affordable,,"SHG settlement zoning (2023 Ord. 1927, amended Ord. 1964)",,,133,,rental,adopted-ordinance,SHG Franklin Lakes LLC (S. Hekemian Group),high,verified,https://library.njcourts.gov/files/civil/affordable-housing/bergen/franklin-lakes-boro/62025FranklinLakesFourthRoundHEFSPADOPTED.pdf?VersionId=0s40Y1eJh1EEYquLCmcvDPDbFrDvPvdC,"p.17-18 (Table, Plan Components)",2025-06-20,"62 market-rate inclusionary affordable units + 71 bonus-eligible 100% affordable units = 133 total affordable. 88.72-acre site. 2023 SHG settlement (Ord. 1927), amended Oct 2024 (Ord. 1964). Candidate snapshot had 62 affordable (correct for the inclusionary portion) and 71 for the municipal 100% affordable component — both verified. Candidate had block/lot as null; corrected to Block 2607, Lot 1. [src quote: ""Parsons Pond (Block 2607 L:1, 400 Parsons Pond Drive, 88.72 acres) - 62 family rental inclusionary + 71 100% affordable (special needs/family), zoned per 2023 SHG settlement""]"
Franklin Lakes,The Reserve (Family Sale),,"3104, 3105, 3205, 3206, 3207, 3208","3104 L:1; 3105 L:1; 3205 L:2; 3206 L:1,1.01,1.02,2; 3207 L:3,5; 3208 L:2,3,4",,inclusionary,,,,,55,,sale,completed,,high,verified,https://library.njcourts.gov/files/civil/affordable-housing/bergen/franklin-lakes-boro/62025FranklinLakesFourthRoundHEFSPADOPTED.pdf?VersionId=0s40Y1eJh1EEYquLCmcvDPDbFrDvPvdC,"p.17-18 (Table, Plan Components)",2025-06-20,"Prior/Third Round RDP component, completed. Credited toward RDP of 445. [src quote: ""The Reserve (Blocks 3104 L:1, 3105 L:1, 3205 L:2, 3206 L:1,1.01,1.02,2, 3207 L:3,5, 3208 L:2,3,4) - 55 affordable family sale, developed""]"
Glen Rock,BCUW/Madeline - 15 Bradford St (Third Round RDP),"15 Bradford Street, Glen Rock, NJ",101,2,,100% affordable,,,,,4,100.0,rental,completed,BCUW,high,verified,https://library.njcourts.gov/files/civil/affordable-housing/bergen/glen-rock-boro/ExBPt1GRFinalHEFSPAdopted61625.pdf?VersionId=e4CnyRdW2JYsppHZJVI9bkl.9YYHr0Qz,Table 19 (Third Round RDP Components),2025-06-18,"Third Round RDP component, completed. [src quote: ""BCUW/Madeline 15 Bradford St (B 101, L 2) - 4 units""]"
Glen Rock,261 Rock Road (Rock Road Residence / Nouvelle LLC),"261 Rock Road, Glen Rock, NJ",107,1,,100% affordable,,,,11,11,100.0,rental,completed,Nouvelle LLC,high,verified,https://library.njcourts.gov/files/civil/affordable-housing/bergen/glen-rock-boro/ExBPt1GRFinalHEFSPAdopted61625.pdf?VersionId=e4CnyRdW2JYsppHZJVI9bkl.9YYHr0Qz,Table 19 (Third Round RDP Components),2025-06-18,"Third Round RDP component, completed. 11 units, 100% affordable. Block 107, Lot 1 confirmed from HEFSP. Candidate snapshot had null block/lot — corrected. [src quote: ""261 Rock Road (B 107, L 1) - 11 units, 100% affordable""]"
Glen Rock,Life Opportunities - 34 Valley Rd (Third Round RDP),"34 Valley Road, Glen Rock, NJ",109,15,,100% affordable,,,,,3,100.0,rental,completed,Life Opportunities,high,verified,https://library.njcourts.gov/files/civil/affordable-housing/bergen/glen-rock-boro/ExBPt1GRFinalHEFSPAdopted61625.pdf?VersionId=e4CnyRdW2JYsppHZJVI9bkl.9YYHr0Qz,Table 19 (Third Round RDP Components),2025-06-18,"Third Round RDP component, completed. [src quote: ""Life Opportunities 34 Valley Rd (B 109, L 15) - 3 units""]"
Glen Rock,AHO-2 Overlay (Fourth Round Unmet Need Zone),,"111, 112, 115, 116",varied,8.42,inclusionary overlay,,AHO-2,20.0,,33,20.0,,zoned,,high,verified,https://library.njcourts.gov/files/civil/affordable-housing/bergen/glen-rock-boro/ExBPt1GRFinalHEFSPAdopted61625.pdf?VersionId=e4CnyRdW2JYsppHZJVI9bkl.9YYHr0Qz,AHO-2 section,2025-06-18,"Fourth Round unmet need mechanism. ~8.42 acres, 20 du/ac, 20% set-aside = up to 33 affordable units. Candidate snapshot had null block/lot — corrected. [src quote: ""AHO-2: Block 111, 112, 115, 116 varied lots - up to 33 units (~8.42 ac, 20 du/ac, 20% set-aside), zoned""]"
Glen Rock,Reed Next Inc - 11 Jerome Ave (Third Round RDP),"11 Jerome Avenue, Glen Rock, NJ",137,18,,100% affordable,,,,,4,100.0,rental,completed,Reed Next Inc,high,verified,https://library.njcourts.gov/files/civil/affordable-housing/bergen/glen-rock-boro/ExBPt1GRFinalHEFSPAdopted61625.pdf?VersionId=e4CnyRdW2JYsppHZJVI9bkl.9YYHr0Qz,Table 19 (Third Round RDP Components),2025-06-18,"Third Round RDP component, completed. [src quote: ""Reed Next Inc 11 Jerome Ave (B 137, L 18) - 4 units""]"
Glen Rock,Spectrum for Living - 343 Highwood Ave (Third Round RDP),"343 Highwood Avenue, Glen Rock, NJ",17,15,,100% affordable,,,,,6,100.0,rental,completed,Spectrum for Living,high,verified,https://library.njcourts.gov/files/civil/affordable-housing/bergen/glen-rock-boro/ExBPt1GRFinalHEFSPAdopted61625.pdf?VersionId=e4CnyRdW2JYsppHZJVI9bkl.9YYHr0Qz,Table 19 (Third Round RDP Components),2025-06-18,"Third Round RDP component, completed. 6 base + 6 bonus credits. [src quote: ""Spectrum for Living 343 Highwood Ave (B 17, L 15) - 6 units + 6 bonus""]"
Glen Rock,Trafalgar Square - 471 Doremus Ave (Third Round RDP),"471 Doremus Avenue, Glen Rock, NJ",43,1,,100% affordable,,,,,2,100.0,sale,completed,,high,verified,https://library.njcourts.gov/files/civil/affordable-housing/bergen/glen-rock-boro/ExBPt1GRFinalHEFSPAdopted61625.pdf?VersionId=e4CnyRdW2JYsppHZJVI9bkl.9YYHr0Qz,Table 19 (Third Round RDP Components),2025-06-18,"Third Round RDP component, completed. Counts toward 3rd round RDP of 26. [src quote: ""Trafalgar Square 471 Doremus Ave (B 43, L 1) - 2 units, family sale""]"
Glen Rock,AHO-1 Overlay - Glen Rock Mall Area (Fourth Round Active Site),Glen Rock Mall area,55,"2, 3, 4, 5, 6, 7, 24",,inclusionary overlay,,AHO-1,,,14,,,"approved, under construction",,high,verified,https://library.njcourts.gov/files/civil/affordable-housing/bergen/glen-rock-boro/ExBPt1GRFinalHEFSPAdopted61625.pdf?VersionId=e4CnyRdW2JYsppHZJVI9bkl.9YYHr0Qz,AHO-1 section,2025-06-18,"Fourth Round active inclusionary site. Approved and under construction as of HEFSP adoption. Block/lot confirmed from HEFSP. Candidate snapshot had null block/lot — corrected. [src quote: ""AHO-1: Block 55 Lots 2-7 & 24 - 14 units (Glen Rock Mall, approved, under construction)""]"
Glen Rock,Spectrum for Living - 641 Lincoln Ave (Third Round RDP),"641 Lincoln Avenue, Glen Rock, NJ",76,14,,100% affordable,,,,,6,100.0,rental,completed,Spectrum for Living,high,verified,https://library.njcourts.gov/files/civil/affordable-housing/bergen/glen-rock-boro/ExBPt1GRFinalHEFSPAdopted61625.pdf?VersionId=e4CnyRdW2JYsppHZJVI9bkl.9YYHr0Qz,Table 19 (Third Round RDP Components),2025-06-18,"Third Round RDP component, completed. 6 base + 1 bonus credit. [src quote: ""Spectrum for Living 641 Lincoln Ave (B 76, L 14) - 6 units + 1 bonus""]"
Glen Rock,23 Kenmore Place (Special Needs / Nouvelle LLC),"23 Kenmore Place, Glen Rock, NJ",81,1,,100% affordable,,,,,2,100.0,rental,completed,Nouvelle LLC,high,verified,https://library.njcourts.gov/files/civil/affordable-housing/bergen/glen-rock-boro/ExBPt1GRFinalHEFSPAdopted61625.pdf?VersionId=e4CnyRdW2JYsppHZJVI9bkl.9YYHr0Qz,Table 19 (Third Round RDP Components),2025-06-18,"Third Round RDP component, completed. Block 81, Lot 1 confirmed from HEFSP. Candidate snapshot had null block/lot — corrected. [src quote: ""23 Kenmore Place (B 81, L 1) - 2 units""]"
Hackensack,Parking Lot T (Meridia Hackensack 70 / 189 State Street),"189 State Street / 70 Trinity Place, Hackensack, NJ",305,2,,redevelopment — inclusionary,,Redevelopment Plan zone,,,60,20.0,rental,"Redevelopment Plan adopted Ord. 21-2021, amended Ord. 06-2022; Planning Board site plan approved Feb 8, 2023",Meridia Hackensack 70 Urban Renewal LLC,high,verified,https://library.njcourts.gov/files/civil/affordable-housing/bergen/hackensack-city/6112025HackensackFourthRoundHEFSPwoutappendicesADOPTED.pdf?VersionId=Qu2zBKhRwv.CoVO96mXNgzJNgYZAuDOu,Fair Share Plan / New Construction Sites section,2025-06-11,"20% set-aside; family rental; Redevelopment Plan Ord. 21-2021 adopted, amended Ord. 06-2022; PB site plan approved Feb 8, 2023 [src quote: ""Parking Lot T (189 State Street / 70 Trinity Place) — Block 305, Lot 2 — 60 affordable family rental units (20% of total)""]"
Hackensack,251 West Railroad Avenue,"251 West Railroad Avenue, Hackensack, NJ",356,1,,100% affordable — redevelopment,,Redevelopment Plan zone,,24,24,100.0,rental,"Redevelopment Plan adopted Ord. 19-2023; Redeveloper Agreement signed Sept 11, 2024",Greater Bergen Community Action (251 Railroad Place LLC),high,verified,https://library.njcourts.gov/files/civil/affordable-housing/bergen/hackensack-city/6112025HackensackFourthRoundHEFSPwoutappendicesADOPTED.pdf?VersionId=Qu2zBKhRwv.CoVO96mXNgzJNgYZAuDOu,Fair Share Plan / New Construction Sites section,2025-06-11,"100% affordable family rental; max 24 units [src quote: ""251 West Railroad Avenue — Block 356, Lot 1 — maximum 24-unit 100% affordable family rental — Greater Bergen Community Action (251 Railroad Place LLC) — Redevelopment Plan adopted Ord. 19-2023 — Redeveloper Agreement signed Sept 11 2024""]"
Hackensack,HABC Project (Hudson/Jackson/Lodi/Broadway),"Hudson Street / Jackson Street / Lodi Street / Broadway area, Hackensack, NJ",58,"1.02, 3, 4, 5, 19.02, 36, 39",,100% affordable — housing authority / mixed-use,,,,,,100.0,rental,in planning,Housing Authority of Bergen County,high,verified,https://library.njcourts.gov/files/civil/affordable-housing/bergen/hackensack-city/6112025HackensackFourthRoundHEFSPwoutappendicesADOPTED.pdf?VersionId=Qu2zBKhRwv.CoVO96mXNgzJNgYZAuDOu,Fair Share Plan / New Construction Sites section,2025-06-11,"100% affordable mixed-use; unit count TBD at time of HEFSP adoption; Housing Authority of Bergen County as developer [src quote: ""HABC Project (Hudson/Jackson/Lodi/Broadway) — Block 58, Lots 1.02, 3, 4, 5, 19.02, 36 and 39 — 100% affordable mixed-use — Housing Authority of Bergen County — unit count TBD""]"
Hackensack,60 Kansas Street (HHA-owned),"60 Kansas Street, Hackensack, NJ",66,17,,100% affordable — municipally sponsored / housing authority,,,,30,30,100.0,rental,HHA-owned; in planning/design,Hackensack Housing Authority,high,verified,https://library.njcourts.gov/files/civil/affordable-housing/bergen/hackensack-city/6112025HackensackFourthRoundHEFSPwoutappendicesADOPTED.pdf?VersionId=Qu2zBKhRwv.CoVO96mXNgzJNgYZAuDOu,Fair Share Plan / New Construction Sites section,2025-06-11,"100% affordable age-restricted (senior) rental; HHA-owned site [src quote: ""60 Kansas Street — Block 66, Lot 17 (HHA-owned) — 30-unit 100% affordable age-restricted rental — Hackensack Housing Authority""]"
Hackensack,1 Essex Street (Essex Street Redevelopment),"1 Essex Street, Hackensack, NJ",66,"26, 27, 28, 29, 30, 38, 41, 43, 45, 48",,redevelopment — inclusionary,,Redevelopment Plan zone,,250,25,10.0,rental,"Ord. 33-2024; PB site plan approved Feb 12, 2025",Essex One Urban Renewal Company LLC,high,verified,https://library.njcourts.gov/files/civil/affordable-housing/bergen/hackensack-city/6112025HackensackFourthRoundHEFSPwoutappendicesADOPTED.pdf?VersionId=Qu2zBKhRwv.CoVO96mXNgzJNgYZAuDOu,Fair Share Plan / New Construction Sites section,2025-06-11,"250 total units, 25 affordable (10% set-aside); multiple lots in Block 66 [src quote: ""1 Essex Street (Essex Street Redevelopment) — Block 66, Lots 26, 27, 28, 29, 30, 38, 41, 43, 45, 48 — 250 units / 25 affordable — Essex One Urban Renewal Company LLC — Ord. 33-2024 — PB site plan approved Feb 12 2025""]"
Hackensack,111 Essex Street and 142-44 Kansas Street,"111 Essex Street and 142-44 Kansas Street, Hackensack, NJ",76,45,,100% affordable — redevelopment,,Redevelopment Plan zone,,68,68,100.0,rental,"Redevelopment Plan Ord. 08-2024; PB site plan approved Sept 11, 2024",NRP Holdings LLC,high,verified,https://library.njcourts.gov/files/civil/affordable-housing/bergen/hackensack-city/6112025HackensackFourthRoundHEFSPwoutappendicesADOPTED.pdf?VersionId=Qu2zBKhRwv.CoVO96mXNgzJNgYZAuDOu,Fair Share Plan / New Construction Sites section,2025-06-11,"Two parcels: Block 76 Lot 45 and Block 76 Lot 7.03; 68 units 100% affordable family rental; NRP Holdings [src quote: ""111 Essex Street and 142-44 Kansas Street — Block 76, Lot 45 and Block 76, Lot 7.03 — 68-unit 100% affordable family rental — NRP Holdings LLC — Redevelopment Plan Ord. 08-2024 — PB site plan approved Sept 11 2024""]"
Hackensack,111 Essex Street and 142-44 Kansas Street (second parcel),"142-44 Kansas Street, Hackensack, NJ",76,7.03,,100% affordable — redevelopment,,Redevelopment Plan zone,,,,100.0,rental,"Redevelopment Plan Ord. 08-2024; PB site plan approved Sept 11, 2024",NRP Holdings LLC,high,verified,https://library.njcourts.gov/files/civil/affordable-housing/bergen/hackensack-city/6112025HackensackFourthRoundHEFSPwoutappendicesADOPTED.pdf?VersionId=Qu2zBKhRwv.CoVO96mXNgzJNgYZAuDOu,Fair Share Plan / New Construction Sites section,2025-06-11,"Second parcel for same project as Block 76 Lot 45 above; total 68 affordable units across both lots [src quote: ""Block 76, Lot 7.03 — part of 111 Essex/142-44 Kansas 68-unit 100% affordable redevelopment — NRP Holdings LLC""]"
Harrington Park,Allegro Assisted Living (Medicaid Beds - RDP),,,,,100% affordable,,,,,9,100.0,rental,existing/completed,,high,verified,https://library.njcourts.gov/files/civil/affordable-housing/bergen/harrington-park-boro/ResolutionofPBAdoptionofAmendedHEFSP4throundsigned03052026wAmendmenttoPlan.pdf?VersionId=nu6Bn571rOyuxVV86.ER2oNlXa0dUBE7,Table 1 (RDP Components),2026-03-04,"RDP component. 9 Medicaid beds at existing assisted living facility. Block/lot not stated in amended HEFSP. [src quote: ""Allegro Assisted Living - 9 Medicaid beds (no block/lot in amended plan; existing facility)""]"
Harrington Park,Accessory Apartment Program (RDP),,,,,accessory-apt,,,,,3,,rental,adopted-ordinance,,high,verified,https://library.njcourts.gov/files/civil/affordable-housing/bergen/harrington-park-boro/ResolutionofPBAdoptionofAmendedHEFSP4throundsigned03052026wAmendmenttoPlan.pdf?VersionId=nu6Bn571rOyuxVV86.ER2oNlXa0dUBE7,Table 1 (RDP Components),2026-03-04,"RDP component. 3 accessory apartment units per Ord. 794-26 (adopted March 16, 2026). Units must be at least 500 sq ft with minimum two rooms. [src quote: ""Accessory Apartment Program - 3 family rental units""]"
Harrington Park,Overlay B-1 Area - Block 1204 Lots 1 & 2,,1204,"1, 2",,inclusionary overlay,B-1,B-1 AH Overlay,,16,3,,,adopted-ordinance,,high,verified,https://library.njcourts.gov/files/civil/affordable-housing/bergen/harrington-park-boro/ResolutionofPBAdoptionofAmendedHEFSP4throundsigned03052026wAmendmenttoPlan.pdf?VersionId=nu6Bn571rOyuxVV86.ER2oNlXa0dUBE7,Table 2 (Inclusionary Overlay Zones),2026-03-04,"Unmet Need overlay. Part of Ord. 795-26 (adopted March 16, 2026). [src quote: ""Block 1204, Lots 1&2: 16 total, 3 affordable (B-1)""]"
Harrington Park,Overlay B-1 Area - Block 1204 Lots 4 & 5,,1204,"4, 5",,inclusionary overlay,B-1,B-1 AH Overlay,,15,3,,,adopted-ordinance,,high,verified,https://library.njcourts.gov/files/civil/affordable-housing/bergen/harrington-park-boro/ResolutionofPBAdoptionofAmendedHEFSP4throundsigned03052026wAmendmenttoPlan.pdf?VersionId=nu6Bn571rOyuxVV86.ER2oNlXa0dUBE7,Table 2 (Inclusionary Overlay Zones),2026-03-04,"Unmet Need overlay. Part of Ord. 795-26. [src quote: ""Block 1204, Lots 4&5: 15 total, 3 affordable (B-1)""]"
Harrington Park,"Overlay B-1 Area - Block 1204 Lots 6, 9, 10, 11",,1204,"6, 9, 10, 11",,inclusionary overlay,B-1,B-1 AH Overlay,,30,6,,,adopted-ordinance,,high,verified,https://library.njcourts.gov/files/civil/affordable-housing/bergen/harrington-park-boro/ResolutionofPBAdoptionofAmendedHEFSP4throundsigned03052026wAmendmenttoPlan.pdf?VersionId=nu6Bn571rOyuxVV86.ER2oNlXa0dUBE7,Table 2 (Inclusionary Overlay Zones),2026-03-04,"Unmet Need overlay. Part of Ord. 795-26. [src quote: ""Block 1204, Lots 6,9,10,11: 30 total, 6 affordable (B-1)""]"
Harrington Park,Overlay B-1 Area - Block 1204 Lot 8,,1204,8,,inclusionary overlay,B-1,B-1 AH Overlay,,8,2,,,adopted-ordinance,,high,verified,https://library.njcourts.gov/files/civil/affordable-housing/bergen/harrington-park-boro/ResolutionofPBAdoptionofAmendedHEFSP4throundsigned03052026wAmendmenttoPlan.pdf?VersionId=nu6Bn571rOyuxVV86.ER2oNlXa0dUBE7,Table 2 (Inclusionary Overlay Zones),2026-03-04,"Unmet Need overlay. Part of Ord. 795-26. [src quote: ""Block 1204, Lot 8: 8 total, 2 affordable (B-1)""]"
Harrington Park,Overlay I-1 Area - Block 1205 Lots 2 & 5,,1205,"2, 5",,inclusionary overlay,I-1,I-1 AH Overlay,,36,7,,,adopted-ordinance,,high,verified,https://library.njcourts.gov/files/civil/affordable-housing/bergen/harrington-park-boro/ResolutionofPBAdoptionofAmendedHEFSP4throundsigned03052026wAmendmenttoPlan.pdf?VersionId=nu6Bn571rOyuxVV86.ER2oNlXa0dUBE7,Table 2 (Inclusionary Overlay Zones),2026-03-04,"Unmet Need overlay. Part of Ord. 795-26. Note: candidate snapshot had Block 1205, Lots 1 & 2 as 'Schraalenburgh Road' — HEFSP shows Lots 2 & 5 (different lots). [src quote: ""Block 1205, Lots 2&5: 36 total, 7 affordable (I-1)""]"
Harrington Park,Overlay I-1 Area - Block 1205 Lot 4,,1205,4,,inclusionary overlay,I-1,I-1 AH Overlay,,8,2,,,adopted-ordinance,,high,verified,https://library.njcourts.gov/files/civil/affordable-housing/bergen/harrington-park-boro/ResolutionofPBAdoptionofAmendedHEFSP4throundsigned03052026wAmendmenttoPlan.pdf?VersionId=nu6Bn571rOyuxVV86.ER2oNlXa0dUBE7,Table 2 (Inclusionary Overlay Zones),2026-03-04,"Unmet Need overlay. Part of Ord. 795-26. [src quote: ""Block 1205, Lot 4: 8 total, 2 affordable (I-1)""]"
Harrington Park,Overlay I-1 Area - Block 1206 Lot 1,,1206,1,,inclusionary overlay,I-1,I-1 AH Overlay,,10,2,,,adopted-ordinance,,high,verified,https://library.njcourts.gov/files/civil/affordable-housing/bergen/harrington-park-boro/ResolutionofPBAdoptionofAmendedHEFSP4throundsigned03052026wAmendmenttoPlan.pdf?VersionId=nu6Bn571rOyuxVV86.ER2oNlXa0dUBE7,Table 2 (Inclusionary Overlay Zones),2026-03-04,"Unmet Need overlay. Part of Ord. 795-26. [src quote: ""Block 1206, Lot 1: 10 total, 2 affordable (I-1)""]"
Harrington Park,Overlay I-1 Area - Block 1207 Lot 2,,1207,2,,inclusionary overlay,I-1,I-1 AH Overlay,,60,12,,,adopted-ordinance,,high,verified,https://library.njcourts.gov/files/civil/affordable-housing/bergen/harrington-park-boro/ResolutionofPBAdoptionofAmendedHEFSP4throundsigned03052026wAmendmenttoPlan.pdf?VersionId=nu6Bn571rOyuxVV86.ER2oNlXa0dUBE7,Table 2 (Inclusionary Overlay Zones),2026-03-04,"Unmet Need overlay. Part of Ord. 795-26. Largest single overlay zone. [src quote: ""Block 1207, Lot 2: 60 total, 12 affordable (I-1)""]"
Harrington Park,"Overlay B-2 Area - Block 1316 Lots 1-7, 9, 11",,1316,"1, 2, 3, 4, 5, 6, 7, 9, 11",,inclusionary overlay,B-2,B-2 AH Overlay,,47,9,,,adopted-ordinance,,high,verified,https://library.njcourts.gov/files/civil/affordable-housing/bergen/harrington-park-boro/ResolutionofPBAdoptionofAmendedHEFSP4throundsigned03052026wAmendmenttoPlan.pdf?VersionId=nu6Bn571rOyuxVV86.ER2oNlXa0dUBE7,Table 2 (Inclusionary Overlay Zones),2026-03-04,"Unmet Need overlay. Part of Ord. 795-26. Candidate snapshot had 15% set-aside and same block/lot — confirmed block/lot; set-aside pct not directly stated in HEFSP table (only total/affordable units stated). [src quote: ""Block 1316, Lots 1-7,9,11: 47 total, 9 affordable (B-2)""]"
Harrington Park,"Overlay R-1 Area - Block 1406 Lots 24, 25, 26",,1406,"24, 25, 26",,inclusionary overlay,R-1,R-1 AH Overlay,,71,14,,,adopted-ordinance,,high,verified,https://library.njcourts.gov/files/civil/affordable-housing/bergen/harrington-park-boro/ResolutionofPBAdoptionofAmendedHEFSP4throundsigned03052026wAmendmenttoPlan.pdf?VersionId=nu6Bn571rOyuxVV86.ER2oNlXa0dUBE7,Table 2 (Inclusionary Overlay Zones),2026-03-04,"Unmet Need overlay. Part of Ord. 795-26. Largest overlay by affordable unit count. Candidate snapshot had 20% set-aside and same block/lot — confirmed block/lot; set-aside pct not directly stated as percentage in HEFSP table. [src quote: ""Block 1406, Lots 24,25,26: 71 total, 14 affordable (R-1)""]"
Hasbrouck Heights,Industrial Avenue AHO Zone (Unmet Need Overlay),"Industrial Avenue area, southeastern Hasbrouck Heights near Moonachie/Teterboro","129, 131, 132.01","129 L:1; 131 L:1,4,5,9; 132.01 L:1,2,3,4.02,5.01,5.03,5.04,5.05",13.0,inclusionary overlay,AHO,AHO (existing overlay continues),20.0,260,,20.0,,zoned,,high,verified,https://library.njcourts.gov/files/civil/affordable-housing/bergen/hasbrouck-heights-boro/Part12.pdf?VersionId=at59LFki4eF4xBChIDovQ6TNbiZBnzyt,"p.42-45 (Section 4.4, Table 20, Map 6)",2025-06-04,"Unmet Need mechanism. 13 acres across 13 lots, 20 du/ac, 20% set-aside (for-sale) or 15% (rental). 260 estimated total units. Located in commercial/industrial area near Moonachie and Teterboro Airport with NJ Transit bus stops. Not yet built but zoned for inclusionary multifamily development. [src quote: ""Industrial Avenue Overlay Zone: (8129,L4,B131,L 145, and 9 & B132.01. L 1, 2, 3, 4.02, 5.01, 5.03, 5.04 and 5.05); 13 ac @ 20du/ac, 20% set-aside. 260 units total*""]"
Hasbrouck Heights,Longview Avenue Townhouse District (Third Round RDP - Boulevard Site),"Longview Avenue / Boulevard, Hasbrouck Heights, NJ","162.02, 134.03",162.02 L:1; 134.03 L:8,,inclusionary overlay,,Longview Avenue Townhouse District,,,4,,sale,approved,,high,verified,https://library.njcourts.gov/files/civil/affordable-housing/bergen/hasbrouck-heights-boro/Part12.pdf?VersionId=at59LFki4eF4xBChIDovQ6TNbiZBnzyt,"p.40 (Section 4.2, Table 19, Map 4)",2025-06-04,"Third Round RDP component. 4 affordable units, for-sale townhouses. Block 162.02 Lot 1 and Block 134.03 Lot 8. Candidate snapshot described as 18 townhouses/4 affordable — the 18 total units is from a 2024 LUB application; HEFSP credits only the 4 affordable units. [src quote: ""Inclusionary Development- Zoned Longview Avenue Townhouse District ~ 1 Boulevard (B 162.02, L 1 & B 134.03, L 8) ... 4 ... Approved""]"
Hasbrouck Heights,Devereux Group Home (Third Round RDP - Alternative Living Arrangements),,163,63,,100% affordable,,,,,3,100.0,rental,completed,ARC of Bergen County / Devereux,high,verified,https://library.njcourts.gov/files/civil/affordable-housing/bergen/hasbrouck-heights-boro/Part12.pdf?VersionId=at59LFki4eF4xBChIDovQ6TNbiZBnzyt,"p.40 (Section 4.2, Table 19)",2025-06-04,"Third Round RDP component. 3 base + 2 rental bonus credits = 5 credits total; 2 bonus applied toward Third Round RDP. Group home, completed. [src quote: ""Alternative Living Arrangements (Group Homes) Devereux Group Home, (B 163, L 63) ... 3 ... Completed""]"
Hasbrouck Heights,Hasbrouck Heights Senior Housing - 245 Hamilton Ave (Prior/Third Round RDP),"245 Hamilton Avenue, Hasbrouck Heights, NJ",43,4.01,,100% affordable,,,,,31,100.0,rental,completed,Housing Development Corporation,high,verified,https://library.njcourts.gov/files/civil/affordable-housing/bergen/hasbrouck-heights-boro/Part12.pdf?VersionId=at59LFki4eF4xBChIDovQ6TNbiZBnzyt,"p.39-40 (Section 4.1/4.2, Table 19)",2025-06-04,"15 units applied to Prior Round (max 25% age-restricted of 58-unit obligation). 2 units applied to Third Round RDP. 14 surplus senior units applied toward Third Round unmet need. Total 31 affordable units, age-restricted rental. Owned by Housing Development Corporation. [src quote: ""Hasbrouck Heights Senior Housing -245 Hamilton Ave. (B 43, L 4.01), 31 affordable units""]"
Hasbrouck Heights,VFW Parcel - AHO Zone (Unmet Need Overlay),"Near Route 17, central area of Borough",98,1.01,1.29,inclusionary overlay,AHO,AHO (existing overlay continues),20.0,26,,20.0,,zoned,,high,verified,https://library.njcourts.gov/files/civil/affordable-housing/bergen/hasbrouck-heights-boro/Part12.pdf?VersionId=at59LFki4eF4xBChIDovQ6TNbiZBnzyt,"p.42-43 (Section 4.4, Table 20, Map 5)",2025-06-04,"Unmet Need mechanism. VFW (Veterans of Foreign Wars) parcel. 1.29 acres, 20 du/ac, 20% set-aside (for-sale) or 15% (rental). 26 estimated total units. Not yet built but zoned for inclusionary mixed-use multifamily. Located in commercial/transitional area near Route 17 with NJ Transit access. [src quote: ""VEW Overlay Zone-1: (B98L 1.01), 1.29 ac, 20du/ac, 20% set-aside, 26 units total*""]"
Haworth,Zone D Overlay (Unmet Need),,,,,inclusionary overlay,Business Zone D,Zone D Overlay,,,,20.0,,adopted (Third Round/Fourth Round unmet need mechanism),,high,verified,https://library.njcourts.gov/files/civil/affordable-housing/bergen/haworth-boro/HaworthHEFSPADOPTEDPart1.pdf?VersionId=QeOsfn2sSwK10C_947CLnoTQtN5Y3xA_,Fair Share Plan section,2025-06-18,"Primary mechanism for addressing Third Round and Fourth Round Unmet Need of 176 units. No specific block/lot — zone-wide overlay. [src quote: ""Zone 'D' Overlay — various parcels, unmet need mechanism, 20% set-aside.""]"
Haworth,Accessory Apartment Program,,,,,accessory apartment,,,,,10,,rental,active (Third Round),,medium,verified,https://library.njcourts.gov/files/civil/affordable-housing/bergen/haworth-boro/HaworthHEFSPADOPTEDPart1.pdf?VersionId=QeOsfn2sSwK10C_947CLnoTQtN5Y3xA_,Fair Share Plan section,2025-06-18,"Borough-wide accessory apartment ordinance producing 10 affordable units toward cumulative RDP. [src quote: ""Accessory Apartment Program — 10 affordable units, Third Round mechanism.""]"
Haworth,Block 1008 Lot 1 (White Beeches Overlay),,1008,1,,inclusionary overlay,,White Beeches overlay,,,,,,overlay adopted (Third Round unmet need),,medium,verified,https://library.njcourts.gov/files/civil/affordable-housing/bergen/haworth-boro/HaworthHEFSPADOPTEDPart1.pdf?VersionId=QeOsfn2sSwK10C_947CLnoTQtN5Y3xA_,Fair Share Plan section,2025-06-18,"Third Round unmet need mechanism carrying into Fourth Round compliance framework. [src quote: ""Block 1008, Lot 1 (White Beeches overlay) — unmet need mechanism, Third Round.""]"
Haworth,Block 1100 Lot 12 (Lakeshore Developers),,1100,12,,100% affordable,,,,,9,100.0,rental,"completed (constructed, Third Round carryover)",Lakeshore Developers,high,verified,https://library.njcourts.gov/files/civil/affordable-housing/bergen/haworth-boro/HaworthHEFSPADOPTEDPart1.pdf?VersionId=QeOsfn2sSwK10C_947CLnoTQtN5Y3xA_,Fair Share Plan section,2025-06-18,"Third Round RDP mechanism carrying forward into Fourth Round compliance count. [src quote: ""Block 1100, Lot 12 (Lakeshore Developers) — 9 affordable units, constructed, Third Round mechanism.""]"
Haworth,320 Haworth Avenue (Zone G Overlay),320 Haworth Avenue,1307,2,,inclusionary overlay,,Zone G Inclusionary Overlay,,15,3,20.0,rental,proposed,,high,verified,https://library.njcourts.gov/files/civil/affordable-housing/bergen/haworth-boro/HaworthHEFSPADOPTEDPart1.pdf?VersionId=QeOsfn2sSwK10C_947CLnoTQtN5Y3xA_,Fair Share Plan section,2025-06-18,"Fourth Round RDP site. [src quote: ""320 Haworth Avenue (Block 1307, Lot 2) — 15 total units / 3 affordable, Zone G overlay, 20% set-aside.""]"
Haworth,160 Terrace Street (Block 1307 Lot 3),160 Terrace Street,1307,3,,inclusionary,,,,8,2,25.0,rental,"completed (CO May 21, 2025)",,high,verified,https://library.njcourts.gov/files/civil/affordable-housing/bergen/haworth-boro/HaworthHEFSPADOPTEDPart1.pdf?VersionId=QeOsfn2sSwK10C_947CLnoTQtN5Y3xA_,Fair Share Plan section,2025-06-18,"Recently completed Fourth Round RDP site. Counts toward Fourth Round RDP of 2. [src quote: ""160 Terrace Street (Block 1307, Lot 3) — 8 total units / 2 affordable units. CO issued May 21, 2025.""]"
Haworth,139 Terrace Street (Zone H Inclusionary District),139 Terrace Street,1308,1,,inclusionary overlay,,Zone H Inclusionary Zone District,,10,2,20.0,rental,"adopted (Ordinance 2026-003, March 10, 2025)",,high,verified,https://library.njcourts.gov/files/civil/affordable-housing/bergen/haworth-boro/Ordinance2026003.pdf?VersionId=VJ571ZSTYz013Wj8p0HHg4TnE5qXcO.p,Pages 1-3,2025-03-10,"Mixed-use: ground floor commercial, 2nd and 3rd floors residential. Maximum 3 stories / 35 ft height. Introduced Feb 24, 2025; Adopted March 10, 2025. [src quote: ""This ordinance creates a new zone district, known as ZoneH to include only the property known as Block 1308, Lot 1/139 Terrace Street. Not less than 20% of the total dwelling units shall be restricted to low and moderate households, with 13% of the affordable units being available to very low income households.""]"
Haworth,Block 1800 Lot 1 (Mass Ave / BCUW),,1800,1,,100% affordable / municipally sponsored,,,,,14,100.0,rental,approved (Third Round carryover),Bergen County United Way (BCUW),high,verified,https://library.njcourts.gov/files/civil/affordable-housing/bergen/haworth-boro/HaworthHEFSPADOPTEDPart1.pdf?VersionId=QeOsfn2sSwK10C_947CLnoTQtN5Y3xA_,Fair Share Plan section,2025-06-18,"Third Round mechanism; approved, counting toward cumulative RDP. [src quote: ""Block 1800, Lot 1 (Mass Ave/BCUW) — 14 affordable units, approved, Third Round mechanism.""]"
Haworth,Block 1806 Lot 2 (Spectrum for Living group home),,1806,2,,group home / supportive housing,,,,,6,100.0,rental,completed / active (Third Round),Spectrum for Living,high,verified,https://library.njcourts.gov/files/civil/affordable-housing/bergen/haworth-boro/HaworthHEFSPADOPTEDPart1.pdf?VersionId=QeOsfn2sSwK10C_947CLnoTQtN5Y3xA_,Fair Share Plan section,2025-06-18,"Group home for individuals with special needs. 6 credits + 6 bonus credits = 12 total credits. [src quote: ""Block 1806, Lot 2 (Spectrum for Living) — 6 affordable units + 6 bonus credits (supportive/special needs), Third Round mechanism.""]"
Hillsdale,175 Broadway (Verizon site),175 Broadway,,,,inclusionary,,,,40,6,15.0,,proposed,,medium,verified,https://library.njcourts.gov/files/civil/affordable-housing/bergen/hillsdale-boro/HDBFourthRoundAmendedHEFSPADOPTEDPart1of2.pdf?VersionId=Bb56tVKBbKQidSnDMhTyq2Ez0R19b9xp,Pages 29-30 (Pg 33 of 37),2026-02-03,"Projection table shows 40 total / 6 affordable. Block/lot not stated in the Housing Element OCR portion; Fair Share Plan chapters (X-XIV) not captured in available OCR. [src quote: ""175 Broadway (Verizon)... Verizon 40 [total units] 6 [affordable units]""]"
Hillsdale,40 Central Avenue,40 Central Avenue,,,,inclusionary,,,,,1,,,proposed / approved,,medium,verified,https://library.njcourts.gov/files/civil/affordable-housing/bergen/hillsdale-boro/HDBFourthRoundAmendedHEFSPADOPTEDPart1of2.pdf?VersionId=Bb56tVKBbKQidSnDMhTyq2Ez0R19b9xp,Page 29 (Pg 29 of 37),2026-02-03,"Projection table shows 1 affordable unit. Block/lot not stated in available OCR. Small infill site. [src quote: ""40 Central Avenue 1 [affordable unit]""]"
Hillsdale,Affordable Housing Set-Aside Ordinance (Borough-Wide),,,,,mandatory set-aside ordinance,,,,,,20.0,,"adopted (Ordinance 2605, February 3, 2026)",,high,verified,https://library.njcourts.gov/files/civil/affordable-housing/bergen/hillsdale-boro/260203Ordinance2605Aahsetaside.pdf?VersionId=I7idGJX2tFuhoNwe9ctiyKnusutuM05_,,2026-02-03,"Borough-wide mandatory set-aside at 20% for 5+ units. Ordinance 2605 adopted Feb 3, 2026 as part of FSHC mediation agreement compliance package. [src quote: ""Any multi-family, townhomes, senior/independent housing, or co-living complex having 5 or more units shall be subject to a 20% affordable housing set-aside, regardless of tenure for the first 32 units per acre.""]"
Hillsdale,Block 1102 (Bank of America site),,1102,,,inclusionary,,,,27,4,15.0,,proposed,,medium,verified,https://library.njcourts.gov/files/civil/affordable-housing/bergen/hillsdale-boro/HDBFourthRoundAmendedHEFSPADOPTEDPart1of2.pdf?VersionId=Bb56tVKBbKQidSnDMhTyq2Ez0R19b9xp,Pages 29-30 (Pg 33 of 37),2026-02-03,"Projection table shows 27 total / 4 affordable. Lot number not stated in the Housing Element OCR; Fair Share Plan chapters (X-XIV) not captured in the available OCR. [src quote: ""Block 1102 (Bank of America)... Bank of America 27 [total units] 4 [affordable units]""]"
Hillsdale,100-101 West Street (Block 1205 Lots 10&11),100-101 West Street,1205,"10, 11",,inclusionary,C Commercial District,TC-2 Townhouse Complex-2 District (Ordinance 2604),,18,4,22.0,,"rezoning ordinance adopted (Feb 3, 2026)",100 West Land Trust,high,verified,https://library.njcourts.gov/files/civil/affordable-housing/bergen/hillsdale-boro/HDBFourthRoundAmendedHEFSPADOPTEDPart1of2.pdf?VersionId=Bb56tVKBbKQidSnDMhTyq2Ez0R19b9xp,Page 30 (Pg 33 of 37),2026-02-03,"Letter from 100 West Land Trust requesting inclusion dated May 22, 2025. Currently an office building and parking lot. [src quote: ""100-101 West Street, Block 1205, Lots 10 and 11... the site could reasonably accommodate an inclusionary development with 18 units, of which four would be affordable... The only anticipated exceptions to the established land use pattern will be the rezoning of Block 1205, Lots 10 and 11 from the C Commercial District to the TC-2 Townhouse Complex-2 District.""]"
Hillsdale,Patterson Street Urban Renewal / Claremont (Redevelopment Area),131-145 Patterson Street,"1207, 1208, 1209, 1210, 1211","1207: Lots 8,9,10; 1208: Lots 1,2,3,4,5; 1209: Lots 2,3,4; 1210: Lots 8,9,10,11; 1211: Lots 1,2",10.72,redevelopment,Industrial Zone,"Hillsdale Patterson Street Redevelopment Plan (Amendment #3, Jan 5, 2026)",32.0,256,20,20.0,rental,approved (256 units with permits; under construction),Claremont / Patterson Street Urban Renewal entity,high,verified,https://library.njcourts.gov/files/civil/affordable-housing/bergen/hillsdale-boro/2610ARedevPlanChIthroughChXreduced.pdf?VersionId=mX9X3FXCUe5HYTDTTggxCQT4FAjEICOs,Pages 1-2 (redev plan ordinance); Pg 29 of 37 (HEFSP projection table),2026-03-10,"Redevelopment Area designated September 10, 2019 (Resolution #19225). Plan originally adopted December 8, 2020 (Ord 20-15); Amendments #1 (Ord 22-11, Aug 2022), #2 (Ord 24-15, Dec 2024), #3 (Jan 2026). 256 rental units approved with permits; projected 20 affordable at 20% set-aside. Density Bonus for blocks 1208/1210/1211 up to 40-66 du/ac with 15% additional set-aside. C1 stream (Pascack Brook) forms western boundary. [src quote: ""Block: 1207, Lots: 8, 9 & 10; Block: 1208, Lots: 1, 2, 3, 4 & 5; Block: 1209, Lots: 2, 3 & 4; Block: 1210, Lots: 8, 9, 10 &11 and Block: 1211, Lots: 1&2... Consistent with the 2025 Mediation Agreement, this Redevelopment Plan permits multi-family residential development with a permitted maximum density of 32 dwelling units per acre contingent upon the provision of an affordable housing set aside of 20%, regardless of tenure for the first 32 units per acre.""]"
Ho-Ho-Kus,New Municipally-Sponsored Affordable Unit (Proposed),Borough-owned or religious/non-profit property (TBD),,,,100% affordable / municipally sponsored,,,,,1,100.0,rental,proposed,To be contracted,medium,verified,https://library.njcourts.gov/files/civil/affordable-housing/bergen/hohokus-boro/Part1.pdf?VersionId=OkZrkIPXwoI7ij9hCAcrUQEhC01KLU6O,Pages 46-47 (Pg 54-55 of 151),2025-05-08,"1 credit toward Fourth Round RDP. Low-income, 2- or 3-bedroom, 40-year affordability controls. Estimated cost up to $750,000. Specific location TBD. [src quote: ""The Borough will produce one (1) municipally-sponsored family affordable rental dwelling unit. The Borough anticipates that the affordable unit will be provided on Borough-owned property and/or religious/non-profit owned property.""]"
Ho-Ho-Kus,Downtown Inclusionary Overlay Zone (OL-1 through OL-4),Borough Downtown (~23.5 acres),,,23.5,inclusionary overlay,"R-2 Residential, R-4 Residential, GB General Business","Downtown Inclusionary Overlay (OL-1 to OL-4, Ord. 2017-10; amended Ord. 2018-03)",6-15,,56,20.0,,"adopted (Ordinance 2017-10, July 25, 2017; amended March 27, 2018)",,high,verified,https://library.njcourts.gov/files/civil/affordable-housing/bergen/hohokus-boro/Part1.pdf?VersionId=OkZrkIPXwoI7ij9hCAcrUQEhC01KLU6O,Pages 40-41 (Pg 48-49 of 151),2025-05-08,"Primary mechanism for addressing Fourth Round Unmet Need of 206 (plus cumulative Prior/Third Round Unmet Need of 248). Four overlay subdistricts: OL-1 through OL-4, densities 6-15 du/ac, 2-3 story max. 20% set-aside for GB zone (upper stories, ground floor non-residential) and R-2/R-4 zones. Flood hazard area; proximity to NJ Transit rail station. [src quote: ""The Borough adopted an inclusionary overlay zoning district (§85-13.1 of the Borough Code) on July 25, 2017, by Ord. No. 2017-10... The overlay zone encompasses approximately 23.5 acres of the Borough's Downtown... Using an average density of 12 dwelling units per acre across the 23.5 acres of the Downtown Inclusionary Overlay Zones, there may be a total of 56 affordable housing units that would potentially be provided through redevelopment at the required twenty percent (20%) affordable housing set-aside in the Downtown Zones.""]"
Ho-Ho-Kus,Borough-Wide Mandatory Set-Aside Ordinance,,,,,mandatory set-aside ordinance,,,6+,,,20.0,,"adopted (amended March 27, 2018; to be further amended for rental set-aside to 20%)",,high,verified,https://library.njcourts.gov/files/civil/affordable-housing/bergen/hohokus-boro/Part1.pdf?VersionId=OkZrkIPXwoI7ij9hCAcrUQEhC01KLU6O,Pages 51-52 (Pg 60 of 151),2025-05-08,"Applies at ≥6 du/ac. 20% for-sale; 15% rental (to be amended to 20% rental). Does not supersede Downtown Inclusionary Overlay in the Downtown. Supplemental mechanism for addressing cumulative Unmet Need. [src quote: ""The Borough's Affordable Housing Ordinance (Chapter 2 of the Borough Code) establishes a Borough-wide mandatory set-aside that applies to any multi-family or single-family attached development created through any municipal rezoning, or a Zoning Board action, use or density variance, redevelopment plan, or rehabilitation plan that provide for densities at or above six (6) units per acre. The required set-aside of for-sale units is 20%, and the required set-aside for rental units is 15%. The Borough will amend the mandatory set-aside section of the Affordable Housing Ordinance to require a minimum set-aside of 20% for rental units.""]"
Ho-Ho-Kus,Brookside / BCUW (100% Affordable Family/Supportive Rental),Brookside Avenue (near Ho-Ho-Kus rail station),1014,2.01,,100% affordable / municipally sponsored,,,,13,14,100.0,rental,"completed (CO May 1, 2023)",Bergen County United Way (BCUW) / Madeline Corporation,high,verified,https://library.njcourts.gov/files/civil/affordable-housing/bergen/hohokus-boro/Part1.pdf?VersionId=OkZrkIPXwoI7ij9hCAcrUQEhC01KLU6O,Pages 36-37 (Pg 44-45 of 151),2025-05-08,"13 of 14 credits applied to Prior/Third Round RDP. 1 remaining credit applied to Fourth Round RDP. 1 Fourth Round bonus credit (municipally funded 100% affordable site). Controls through at least 2051. [src quote: ""Brookside is a 100% affordable, 13-unit development producing 14 credits located on Brookside Avenue near the Ho-Ho-Kus rail station (Block 1014, Lot 2.01). The project was developed pursuant to the Third Round developer's agreement between the Borough and Bergen County United Way / Madeline Corporation Partnership ('BCUW / Madeline Partnership')... The project received a CO on May 1, 2023.""]"
Ho-Ho-Kus,111 First Street,101-111 First Street,1015,13.01,0.48,inclusionary overlay (OL-1 Downtown Inclusionary Overlay),,,,8,1,13.0,rental,"completed (CO August 5, 2024)",,high,verified,https://library.njcourts.gov/files/civil/affordable-housing/bergen/hohokus-boro/Part1.pdf?VersionId=OkZrkIPXwoI7ij9hCAcrUQEhC01KLU6O,Pages 44-45 (Pg 52-53 of 151),2025-05-08,"1 credit applied to Fourth Round RDP (generates Fourth Round VLA RDP as built inclusionary development). Also generates development fee credit for fractional units. [src quote: ""111 First Street contains an inclusionary affordable rental unit located within the OL-1 inclusionary overlay zone on Block 1015, Lots 13.01 (formerly Lots 13-14). The site contains a total of eight (8) units, of which one (1) unit is an affordable three-bedroom unit that is reserved for a low-income household... A CO was issued on August 5, 2024. The affordable unit has minimum thirty-year affordability controls through at least 2054.""]"
Ho-Ho-Kus,614 North Maple Avenue,612-614 Maple Avenue,1015,9,,inclusionary,,,,4,1,25.0,rental,"completed (CO February 22, 2021)",Frasco Realty,high,verified,https://library.njcourts.gov/files/civil/affordable-housing/bergen/hohokus-boro/Part1.pdf?VersionId=OkZrkIPXwoI7ij9hCAcrUQEhC01KLU6O,Page 39 (Pg 47 of 151),2025-05-08,"1 credit applied to Prior/Third Round RDP per Chamberlain Settlement Agreement. Controls through at least 2050. [src quote: ""Pursuant to the Chamberlain Settlement Agreement, Frasco Realty constructed an inclusionary development at 612-614 Maple Avenue (Block 1015, Lot 9). The project consists of three (3) market rate units, one (1) affordable family rental unit, and retail space on the ground floor. The project was issued a CO on February 22, 2021.""]"
Ho-Ho-Kus,The Crossings at Ho-Ho-Kus (619 N Maple Avenue),619 North Maple Avenue,1016,"3, 5, 11",,inclusionary,,,,63,10,16.0,rental,"completed (temporary CO August 5, 2024)",Chamberlain Developers / Ho-Ho-Kus Crossing,high,verified,https://library.njcourts.gov/files/civil/affordable-housing/bergen/hohokus-boro/Part1.pdf?VersionId=OkZrkIPXwoI7ij9hCAcrUQEhC01KLU6O,Pages 38-39 (Pg 46-47 of 151),2025-05-08,"8 of 10 affordable credits applied to Prior/Third Round RDP. 2 remaining family rental credits applied to Fourth Round RDP. Controls through at least 2054. [src quote: ""The Crossings was initially approved as a 53-unit inclusionary mixed-use development located at 619 N Maple Avenue (Block 1016, Lots 3, 5, and 11) consisting of ground floor retail and 53 units with a 15% affordable set-aside of eight (8) family rental units. Subsequently, the Borough approved 10 additional total units of which two (2) would be affordable from a 20% set-aside.""]"
Ho-Ho-Kus,Life Opportunities Unlimited Group Home (Ferris Court),Ferris Court,102,19,,group home / supportive housing,,,,,4,100.0,rental,under renovation (as of April 2025; conversion to 4-bedroom group home),Life Opportunities Unlimited,high,verified,https://library.njcourts.gov/files/civil/affordable-housing/bergen/hohokus-boro/Part1.pdf?VersionId=OkZrkIPXwoI7ij9hCAcrUQEhC01KLU6O,Pages 45-46 (Pg 53-54 of 151),2025-05-08,"4 special-needs credits toward Fourth Round RDP + 2 bonus credits (N.J.S.A. 52:27D-311.k(1) — special needs/permanent supportive housing). [src quote: ""Life Opportunities Unlimited, an experienced group home provider throughout Bergen County, owns and will operate a group home for adults with special needs in the Borough on Ferris Court (Block 102, Lot 19). The group home will contain four (4) very low-income bedrooms for individuals with special needs.""]"
Leonia,Fort Lee Road / North Corridor Redevelopment Plan,Fort Lee Road corridor and north of Fort Lee Road / west of Grand Avenue,,,28.0,redevelopment,commercial / office / industrial,"Redevelopment Zone (Resolution 2023-71, February 6, 2023)",40-60,,243,20.0,,AINR designated; redevelopment plan to be adopted,,high,verified,https://library.njcourts.gov/files/civil/affordable-housing/bergen/leonia-boro/62625LeoniaHEFSPwAppendixJuneAmended3and4roundadopted6.26.25Part1.pdf?VersionId=YoBjf8a6hsNc0X6lm2lipVVAhkwkmA.k,Page 26 (Pg 26 of 40),2025-06-25,"Primary Fourth Round Unmet Need mechanism (99 units). Combined with Leonia Retirement Housing surplus (29 units), plan exceeds combined Third + Fourth Round Unmet Need of 291 units. No individual block/lots stated in HEFSP; ~28 acres. [src quote: ""The Borough proposes to adopt a redevelopment plan for several areas within the Borough that were found to be in need of redevelopment (Resolution 2023-71 adopted on February 6, 2023). Approximately 28 acres will be included in the redevelopment plan and will permit multi-family dwellings as part of a mixed-use development on lots that are either located on Fort Lee Road or generally north of Fort Lee Road and west of Grand Avenue. The proposed densities for the zoning district range from 40 to 60 dwelling units per acre and with a 20% setaside, the build out of the redevelopment zones may provide for the possibility of creating 243 affordable housing units.""]"
Leonia,Rehabilitation Program,,,,,rehabilitation,,,,,68,,,program to be created,,high,verified,https://library.njcourts.gov/files/civil/affordable-housing/bergen/leonia-boro/62625LeoniaHEFSPwAppendixJuneAmended3and4roundadopted6.26.25Part1.pdf?VersionId=YoBjf8a6hsNc0X6lm2lipVVAhkwkmA.k,Pages 15-16 (Pg 15-16 of 40),2025-06-25,"Present Need (rehabilitation) obligation = 68 units. [src quote: ""Leonia Borough's rehabilitation obligation (present need) is 68 units. The rehabilitation obligation is not cumulative but is a recalculation based on the most recent census data. The Borough is addressing the 68-unit rehabilitation obligation through a municipally run rehabilitation program.""]"
Leonia,J-ADD Group Home (128 Palisade Avenue),128 Palisade Avenue,1205,25,,group home / supportive housing,,,,,5,100.0,rental,"existing (controls from August 31, 1999 for 30 years)",Jewish Association for Developmental Disabilities (J-ADD),high,verified,https://library.njcourts.gov/files/civil/affordable-housing/bergen/leonia-boro/62625LeoniaHEFSPwAppendixJuneAmended3and4roundadopted6.26.25Part1.pdf?VersionId=YoBjf8a6hsNc0X6lm2lipVVAhkwkmA.k,Page 17 (Pg 17 of 40),2025-06-25,"5 supportive/special needs credits + 2 rental bonus credits = 7 total credits toward Third Round RDP. [src quote: ""This supportive and special needs home is located at 128 Palisade Avenue (Block 1205, Lot 25) and contains five (5) bedrooms for intellectually challenged individuals. J-ADD purchased the home in 1998 and the affordability controls are effective for 30 years as of August 31, 1999.""]"
Leonia,100% Affordable Grand Avenue (Block 1209 Lots 3 & 6),Grand Avenue,1209,"3, 6",0.224,100% affordable / municipally sponsored,,,,6,6,100.0,mixed (rental + for-sale),proposed,Borough-owned; non-profit developer to be selected,high,verified,https://library.njcourts.gov/files/civil/affordable-housing/bergen/leonia-boro/62625LeoniaHEFSPwAppendixJuneAmended3and4roundadopted6.26.25Part1.pdf?VersionId=YoBjf8a6hsNc0X6lm2lipVVAhkwkmA.k,Pages 17-18 (Pg 17-18 of 40),2025-06-25,"4 family rental + 2 family for-sale = 6 affordable units toward Third Round RDP. Borough-owned land. [src quote: ""The Borough owns two (2) lots, Block 1209, Lots 3 (0.109 acres) and 6 (0.115 acres) located along the west side of Grand Avenue. The Borough will work with a non-profit developer to create one structure on each lot and provide for four (4) family rental units on Lot 6 and an attached single family for sale structure for two (2) families on Lot 3.""]"
Leonia,Redevelopment Plan for Block 1213 Lots 3&4 (CPC Site — 266 Grand Avenue),266 Grand Avenue,1213,"3, 4",0.98,redevelopment,,"Redevelopment Zone (AINR designated April 4, 2022)",20.0,,4,20.0,,AINR designated (Resolution 2022-107); redevelopment plan to be adopted,,high,verified,https://library.njcourts.gov/files/civil/affordable-housing/bergen/leonia-boro/62625LeoniaHEFSPwAppendixJuneAmended3and4roundadopted6.26.25Part1.pdf?VersionId=YoBjf8a6hsNc0X6lm2lipVVAhkwkmA.k,Page 22 (Pg 22 of 40),2025-06-25,"4 affordable units toward Third Round Unmet Need. [src quote: ""The Borough designated Block 1213, Lots 3 and 4 as an area in need of redevelopment (Resolution 2022-107 adopted on April 4, 2022) and will adopt a redevelopment plan to permit multi-family dwellings on the 0.98 acre parcel at a density of 20 dwelling units per acre with a required 20% setaside for affordable units.""]"
Leonia,"AH-2 Overlay District (Block 1501 Lots 22,23,24)",Grand Avenue,1501,"22, 23, 24",1.0,inclusionary overlay,,AH-2 Affordable Housing Overlay,27.0,,5,20.0,,adopted (Ordinance 2023-10),,high,verified,https://library.njcourts.gov/files/civil/affordable-housing/bergen/leonia-boro/62625LeoniaHEFSPwAppendixJuneAmended3and4roundadopted6.26.25Part1.pdf?VersionId=YoBjf8a6hsNc0X6lm2lipVVAhkwkmA.k,Page 22 (Pg 22 of 40),2025-06-25,"Third Round unmet need mechanism. 5 affordable units toward Third Round Unmet Need. [src quote: ""The Borough adopted Ordinance 2023-10 which implements an affordable housing overlay district (AH-2) on Block 1501, Lots 22, 23 and 24 located on Grand Avenue. The ordinance permits multi-family dwellings at a density of 27 units per acre. There is approximately one (1) acre of uplands on the parcel and with a 20% setaside of affordable housing required, a minimum of five (5) affordable housing units may be realized.""]"
Leonia,Sima Development (131 Fort Lee Road),131 Fort Lee Road,802,16,,inclusionary,,,,14,3,21.0,rental,"approved (Planning Board, December 13, 2022)",Sima Development,high,verified,https://library.njcourts.gov/files/civil/affordable-housing/bergen/leonia-boro/62625LeoniaHEFSPwAppendixJuneAmended3and4roundadopted6.26.25Part1.pdf?VersionId=YoBjf8a6hsNc0X6lm2lipVVAhkwkmA.k,Page 16 (Pg 16 of 40),2025-06-25,"3 affordable units + 3 rental bonus credits = 6 total credits toward Third Round RDP. [src quote: ""On December 13, 2022, the Borough Planning Board approved a 14-unit family rental project of which three (3) units will be deed restricted for low- and moderate-income individuals and families on Block 802, Lot 16 located at 131 Fort Lee Road.""]"
Leonia,Grandview Meadows (392 Grand Avenue) - Extension of Controls,392 Grand Avenue,802,6,,extension of controls,,,,10,10,100.0,for-sale,"existing (controls extended June 25, 2025 for 30 additional years)",,high,verified,https://library.njcourts.gov/files/civil/affordable-housing/bergen/leonia-boro/62625LeoniaHEFSPwAppendixJuneAmended3and4roundadopted6.26.25Part1.pdf?VersionId=YoBjf8a6hsNc0X6lm2lipVVAhkwkmA.k,Page 16 (Pg 16 of 40),2025-06-25,"10 family for-sale credits toward Third Round RDP. [src quote: ""Grandview Meadows is an existing development of ten (10) family condominium units located at 392 Grand Avenue (Block 802, Lot 6), which received prior cycle credits from the Council on Affordable Housing (COAH). The Borough will extend the expiring controls for a minimum of thirty (30) additional years beginning on June 25, 2025.""]"
Leonia,Leonia Retirement Housing (270 Glenwood Avenue),270 Glenwood Avenue,901,7,,100% affordable / senior rental,,,,108,108,100.0,rental,existing (deed restrictions extended to 2054),Leonia Retirement Housing Corporation,high,verified,https://library.njcourts.gov/files/civil/affordable-housing/bergen/leonia-boro/62625LeoniaHEFSPwAppendixJuneAmended3and4roundadopted6.26.25Part1.pdf?VersionId=YoBjf8a6hsNc0X6lm2lipVVAhkwkmA.k,Pages 17-18 (Pg 17-18 of 40),2025-06-25,"4 credits toward Third Round RDP + 77 credits toward Unmet Need (48 Third Round + 29 Fourth Round). 31 units surplus for future round. Total 108 senior rental units. [src quote: ""This project, located at 270 Glenwood Avenue (Block 901, Lot 7) consists of two phases. The first phase includes 75 units... The second phase of the development includes 33 one-bedroom units... The Borough is claiming 4 age-restricted rental credits toward the RDP and 77 units toward the Unmet Need (Third Round 48 units (194 x 0.25) and Fourth Round 29 units (97 x 0.30).""]"
Little Ferry,75 & 87 Bergen Turnpike,75 & 87 Bergen Turnpike,,,,inclusionary / redevelopment,,Ordinance being adopted,,65,13,20.0,rental,proposed (ordinance being adopted as of June 2026),"75 Bergen Turnpike, LLC",high,verified,https://library.njcourts.gov/files/civil/affordable-housing/bergen/little-ferry-boro/4147.11LittleFerryAmendedHousingElementandFairSharePlan.pdf?VersionId=aADaL_xA9zBUEqBaHJ0SKeB4C2bVLqEG,Page 30 (Pg 36 of 42),2026-06-01,"Fourth Round mechanism. Block/lot NOT stated in HEFSP. Part of FSHC settlement. Eligible for 25 redevelopment bonus credits (combined with other mechanisms). [src quote: ""The developer 75 Bergen Turnpike, LLC is planning to redevelop the property with a 65-unit multifamily apartment building, of which 20% or 13 units will be designated as affordable. The Borough is in the process of adopting an ordinance for the properties at 75 & 87 Bergen Turnpike.""]"
Little Ferry,21 Main Street,21 Main Street,,,,inclusionary / redevelopment,,Ordinance being adopted,,135,27,20.0,rental,proposed (ordinance being adopted as of June 2026),,high,verified,https://library.njcourts.gov/files/civil/affordable-housing/bergen/little-ferry-boro/4147.11LittleFerryAmendedHousingElementandFairSharePlan.pdf?VersionId=aADaL_xA9zBUEqBaHJ0SKeB4C2bVLqEG,Page 31 (Pg 37 of 42),2026-06-01,"Fourth Round mechanism. Block/lot NOT stated in HEFSP. Part of FSHC settlement. [src quote: ""This development was part of the settlement agreement with Fair Share Housing Center. The Borough is in the process of adopting an ordinance for the property at 21 Main Street. The development will consist of a 135-unit multifamily apartment building, of which 20% or 27 units will be designated as affordable.""]"
Little Ferry,220 & 230 US Route 46,220 & 230 US Route 46,,,,inclusionary,,,,86,13,15.0,rental,"approved (Planning Board Resolution, June 12, 2024)",Big A 46 Westbound LLC,high,verified,https://library.njcourts.gov/files/civil/affordable-housing/bergen/little-ferry-boro/4147.11LittleFerryAmendedHousingElementandFairSharePlan.pdf?VersionId=aADaL_xA9zBUEqBaHJ0SKeB4C2bVLqEG,Page 33 (Pg 39 of 42),2026-06-01,"Fourth Round mechanism. Block/lot NOT stated in HEFSP. Approved June 12, 2024. [src quote: ""Big A 46 Westbound LLC filed an application and was approved by the Planning Board via Resolution dated June 12, 2024 for an 86-unit multifamily apartment building, of which 15% or 13 units will be designated as affordable.""]"
Little Ferry,Mandatory Set-Aside Ordinance,,,,,mandatory set-aside ordinance,,,,,,20.0,,to be adopted (updated),,high,verified,https://library.njcourts.gov/files/civil/affordable-housing/bergen/little-ferry-boro/4147.11LittleFerryAmendedHousingElementandFairSharePlan.pdf?VersionId=aADaL_xA9zBUEqBaHJ0SKeB4C2bVLqEG,Page 34 (Pg 40 of 42),2026-06-01,"Borough-wide mandatory set-aside. No specific block/lot — borough-wide. [src quote: ""The Borough will adopt an updated ordinance requiring a mandatory affordable housing set aside for all new single-family attached and multifamily residential development of 5 units or more. Both rental and for-sale developments will be required to implement a 20% set aside.""]"
Little Ferry,Rehabilitation Program,,,,,rehabilitation,,,,,114,,,program active (Bergen County Housing Rehabilitation Program),,high,verified,https://library.njcourts.gov/files/civil/affordable-housing/bergen/little-ferry-boro/4147.11LittleFerryAmendedHousingElementandFairSharePlan.pdf?VersionId=aADaL_xA9zBUEqBaHJ0SKeB4C2bVLqEG,Page 34 (Pg 40 of 42),2026-06-01,"Present Need (rehabilitation) obligation = 114 units. Partners with Bergen County Housing Rehabilitation Program. [src quote: ""Little Ferry was assigned a Present Need (Rehabilitation) Obligation of one hundred fourteen (114) affordable units. The Borough will be conducting a structural conditions survey to determine an on-the-ground estimate of the units in need of rehabilitation. The Borough established a housing rehabilitation program under the Third-Round cycle and will continue its program into the Fourth Round and partner with the Bergen County Housing Rehabilitation Program.""]"
Little Ferry,Osprey Point Apartments (250 Mehrhof Road) — Regan Development Corp,250 Mehrhof Road,"107, 106.01","2.01, 17 (Blk 107); 13.06 (Blk 106.01)",,100% affordable,,,,85,31,100.0,rental,completed,Regan Development Corp.,high,verified,https://library.njcourts.gov/files/civil/affordable-housing/bergen/little-ferry-boro/4147.11LittleFerryAmendedHousingElementandFairSharePlan.pdf?VersionId=aADaL_xA9zBUEqBaHJ0SKeB4C2bVLqEG,Table 18; Page 32 (Pg 38 of 42),2026-06-01,"85 total units 100% affordable (62 age-restricted + 23 special-needs). 54 credits applied to Third Round; 31 remaining applied to Fourth Round. Completed and occupied. [src quote: ""Regan Development Corp. Block 107, Lots 2.01 and 17; Block 106.01, Lot 13.06 (20 of 85 units; 31 to future) 20 100% Affordable Age Restricted Rental Completed... Regan Development Corp constructed the Osprey Point Apartments at 250 Mehrhof Road. This project comprises of 85 units, which are 100% affordable including 62 age-restricted units and 23 special-needs units. Fifty-four of the units were credited towards the Third Round RDP and Unmet Need, leaving 31 credits to apply towards the Fourth Round Prospective Need.""]"
Mahwah,70 Island Road,"70 Island Road, Mahwah, NJ",,,,100% affordable — MF-2 Multi-Family-2 Zone,,MF-2,,,15,100.0,rental,"Ordinance 1870 adopted June 27, 2019; under construction",,high,verified,https://library.njcourts.gov/files/civil/affordable-housing/bergen/mahwah-twp/62325MahwahRoundHEFSPreducedPart1.pdf?VersionId=.KnE7tZfXAAYpCyPcN1PYaEotZimsEZa,Capacity for Fair Share / Appropriate Locations section; Projection tables,2025-06-23,"100% affordable; 15 affordable units per projection table; under construction as of June 2025. Block/lot not stated in this portion of the HEFSP. [src quote: ""70 Island Road – the Township adopted Ordinance 1870 on June 27, 2019, which rezoned the property to the MF-2, Multi-Family-2, Zone District. A 100% affordable development is presently under construction.""]"
Mahwah,457 Ridge Road (Crossroads),"457 Ridge Road, Mahwah, NJ",139,41,,inclusionary overlay — MF-3 Multi-Family-3 Overlay District,,MF-3 Overlay,,75,74,,,"Ordinance 2003 adopted March 20, 2012; Board approval received",Crossroads Companies (contract purchaser),high,verified,https://library.njcourts.gov/files/civil/affordable-housing/bergen/mahwah-twp/62325MahwahRoundHEFSPreducedPart1.pdf?VersionId=.KnE7tZfXAAYpCyPcN1PYaEotZimsEZa,Capacity for Fair Share / Appropriate Locations section; Projection of Residential Development tables,2025-06-23,"75 total units / 74 affordable per projection tables in HEFSP. Candidate snapshot said ~74 affordable units — confirmed by document. Crossroads Companies is identified as the developer in notes section of HEFSP page 37. [src quote: ""457 Ridge Road – this site is known as Block 139, Lot 41. The Township adopted Ordinance 2003 on March 20, 2012, which created the MF-3, Multi-Family-3, Overlay, District. This site has received Board approval.""]"
Mahwah,24 Jahn Court (Group Home),"24 Jahn Court, Mahwah, NJ",152,68.01,,community residence / group home,,,,1,1,100.0,rental,Under construction (New Concepts for Living),New Concepts for Living,high,verified,https://library.njcourts.gov/files/civil/affordable-housing/bergen/mahwah-twp/62325MahwahRoundHEFSPreducedPart1.pdf?VersionId=.KnE7tZfXAAYpCyPcN1PYaEotZimsEZa,Capacity for Fair Share section; Projection tables,2025-06-23,"Community residence/group home; served by public water and septic; 1 unit per projection table; New Concepts for Living developer [src quote: ""24 Jahn Court – this site is known as Block 152, Lot 68.01. New Concepts for Living is in the process of constructing a community residence (also known as a group home) on this site, which is permitted pursuant to the Municipal Land Use Law.""]"
Mahwah,46 Strong Street (Group Home),"46 Strong Street, Mahwah, NJ",167,45.02,,community residence / group home,,,,1,1,100.0,rental,planned (building permits not yet issued),Hope Christian,high,verified,https://library.njcourts.gov/files/civil/affordable-housing/bergen/mahwah-twp/62325MahwahRoundHEFSPreducedPart1.pdf?VersionId=.KnE7tZfXAAYpCyPcN1PYaEotZimsEZa,Capacity for Fair Share section; Projection tables,2025-06-23,"Community residence/group home; served by water and sewer; 1 unit per projection table; Hope Christian developer [src quote: ""46 Strong Street – this site is known as Block 167, Lot 45.02. Hope Christian will be building a community residence (also known as a group home) on this site, which is permitted pursuant to the Municipal Land Use Law.""]"
Mahwah,42 Stag Hill Road (Group Home),"42 Stag Hill Road, Mahwah, NJ",2,15,,community residence / group home,,,,1,1,100.0,rental,Board approval received; building permits issued,,high,verified,https://library.njcourts.gov/files/civil/affordable-housing/bergen/mahwah-twp/62325MahwahRoundHEFSPreducedPart1.pdf?VersionId=.KnE7tZfXAAYpCyPcN1PYaEotZimsEZa,Capacity for Fair Share section; Projection tables,2025-06-23,"Community residence/group home; served by well and septic; 1 unit per projection table [src quote: ""42 Stag Hill Road - this site is known as Block 2, Lot 15. The property will be used to create a community residence (also known as a group home), which is permitted pursuant to the Municipal Land Use Law. This site has received Board approval and building permits.""]"
Mahwah,1 Fyke Road,"1 Fyke Road, Mahwah, NJ",21,"21, 22, 23",,inclusionary — MF-1 Multi-Family-1 Zone District,,MF-1,,,25,,,"Ordinance 2002 adopted March 20, 2023",Fyke Brook Estates LLC,high,verified,https://library.njcourts.gov/files/civil/affordable-housing/bergen/mahwah-twp/62325MahwahRoundHEFSPreducedPart1.pdf?VersionId=.KnE7tZfXAAYpCyPcN1PYaEotZimsEZa,Capacity for Fair Share / Appropriate Locations section; Projection of Residential Development tables,2025-06-23,"25 affordable units per projection table; 3 lots (Block 21, Lots 21, 22, 23); Fyke Brook Estates LLC mentioned as developer in timeline section (Oct 2022 Settlement Amendment) [src quote: ""1 Fyke Road – this site is comprised of Block 21, Lots 21, 22, and 23. The Township adopted Ordinance 2002 on March 20, 2023, which created the MF-1, Multi-Family-1, Zone District.""]"
Mahwah,"109 Cedar Hill Avenue — Block 70, Lot 37","109 Cedar Hill Avenue, Mahwah, NJ",70,37,,100% affordable — redevelopment (Block 70 Redevelopment Plan),,Block 70 Redevelopment Area,,,6,100.0,,"Redevelopment Plan Ord. 2028 adopted April 22, 2024; Planning Board approval received",,high,verified,https://library.njcourts.gov/files/civil/affordable-housing/bergen/mahwah-twp/62325MahwahRoundHEFSPreducedPart1.pdf?VersionId=.KnE7tZfXAAYpCyPcN1PYaEotZimsEZa,Capacity for Fair Share / Appropriate Locations section; Projection tables,2025-06-23,"100% affordable; 6 affordable units per projection table; Planning Board approval received [src quote: ""Block 70, Lots 37 and 38 – these two properties are located along Cedar Hill Avenue. The Township adopted the Block 70 Redevelopment Plan via Ordinance 2028 on April 22, 2024, which rezoned the properties to allow for 100% affordable housing development. Lot 37 has received Planning Board approval to construct a 100% affordable housing development.""]"
Mahwah,"111 Cedar Hill Avenue — Block 70, Lot 38","111 Cedar Hill Avenue, Mahwah, NJ",70,38,,100% affordable — redevelopment (Block 70 Redevelopment Plan),,Block 70 Redevelopment Area,,,1,100.0,,"Redevelopment Plan Ord. 2028 adopted April 22, 2024",,high,verified,https://library.njcourts.gov/files/civil/affordable-housing/bergen/mahwah-twp/62325MahwahRoundHEFSPreducedPart1.pdf?VersionId=.KnE7tZfXAAYpCyPcN1PYaEotZimsEZa,Capacity for Fair Share / Appropriate Locations section; Projection tables,2025-06-23,"100% affordable; 1 affordable unit per projection table; same Redevelopment Plan as Lot 37 [src quote: ""Block 70, Lots 37 and 38 – rezoned to allow for 100% affordable housing development via Block 70 Redevelopment Plan (Ord. 2028 April 22, 2024)""]"
Mahwah,"111 Franklin Turnpike — Block 70, Lot 40","111 Franklin Turnpike, Mahwah, NJ",70,40,,inclusionary — redevelopment (Block 70 Redevelopment Plan),,Block 70 Redevelopment Area (inclusionary),,,4,,,"Redevelopment Plan Ord. 2028 adopted April 22, 2024",,high,verified,https://library.njcourts.gov/files/civil/affordable-housing/bergen/mahwah-twp/62325MahwahRoundHEFSPreducedPart1.pdf?VersionId=.KnE7tZfXAAYpCyPcN1PYaEotZimsEZa,Capacity for Fair Share / Appropriate Locations section; Projection tables,2025-06-23,"Inclusionary (not 100% affordable) unlike Lots 37/38; 4 affordable units per projection table; mixed-use (non-residential + residential) [src quote: ""Block 70, Lots 40 – this parcel is located at the intersection of Franklin Turnpike and Cedar Hill Avenue. The Township adopted the Block 70 Redevelopment Plan via Ordinance 2028 on April 22, 2024, which rezoned the property to allow for inclusionary housing development and non-residential uses.""]"
Mahwah,Franklin Turnpike Overlay — Block 71,"Franklin Turnpike, Mahwah, NJ",71,"6, 7, 8, 9, 10, 11, 12, 13, 14, 15, 16, 17, 18, 19, 20, 21, 22",,inclusionary overlay — proposed,,Mixed-use overlay with affordable housing set-aside,,,,,,overlay zone creation proposed in HEFSP (only zoning change to map per HEFSP),,high,verified,https://library.njcourts.gov/files/civil/affordable-housing/bergen/mahwah-twp/62325MahwahRoundHEFSPreducedPart1.pdf?VersionId=.KnE7tZfXAAYpCyPcN1PYaEotZimsEZa,Capacity for Fair Share section; Anticipated Development Patterns,2025-06-23,"Only proposed zoning change per HEFSP; affordable unit count not stated; mixed-use with AH set-aside [src quote: ""Franklin Turnpike – Block 71, Lots 6 through 22 have been identified by the Township as appropriate for overlay zoning to permit mixed-use development with an affordable housing set-aside. The only change to the zoning map will be the creation of an overlay district on Block 71, Lots 6 through 22.""]"
Mahwah,Block 82 Redevelopment Area,"Block 82, Mahwah, NJ",82,"1, 3, 4, 5, 6, 7, 8, 9, 10, 11, 12, 13, 14, 15, 16, 17, 18, 19, 20, 21, 22, 23, 24, 25, 26, 27, 28, 29, 30",3.786,redevelopment — inclusionary (14 du/ac),,Block 82 Redevelopment Area,14.0,,49,,,"Redevelopment Plan Ord. 1985 adopted Oct 27, 2022; amended Ord. 2009 July 17, 2023; amended Ord. 2039 Sept 9, 2024","MTCR (owner, contested; Condemnation Redevelopment Area designated Nov 2024)",high,verified,https://library.njcourts.gov/files/civil/affordable-housing/bergen/mahwah-twp/62325MahwahRoundHEFSPreducedPart1.pdf?VersionId=.KnE7tZfXAAYpCyPcN1PYaEotZimsEZa,Capacity for Fair Share section; Projection tables,2025-06-23,"3.786 acres per MTCR letter; 14 du/ac; 49 affordable units per projection table. MTCR has appealed condemnation designation; trial anticipated summer 2025. [src quote: ""Block 82, Lots 1 and 3 through 30. The Township adopted the Redevelopment Plan for Block 82, Lots 1 and 3 through 30 via Ordinance 1985 on October 27, 2022. This Redevelopment Plan permits commercial and multi-family uses at a maximum density of 14 units per acre.""]"
Maywood,Brook Avenue Stacked Townhome Overlay District,"Brook Avenue, Maywood, NJ",107,"51, 52, 53, 54, and 55",4.63,inclusionary overlay,,Stacked Townhome Overlay,16.0,,15,20.0,,"adopted-ordinance (March 13, 2026)",,high,verified,https://library.njcourts.gov/files/civil/affordable-housing/bergen/maywood-boro/MaywoodRound4HEFSP011926.pdf?VersionId=XWbQM7BAtB0VBPw0ev2A3ZmoxzzxXAw3,Page 25 (HEFSP p. 25),2026-01-19,"CORRECTION vs. candidate snapshot: Block is 107 (Lots 51-55), NOT Block 87 as the candidate snapshot indicated. Brook Avenue and West Passaic Street are separate blocks. Candidate snapshot incorrectly listed both as Block 87. [src quote: ""The Brook Avenue Stacked Townhome Overlay District encompasses the properties identified as Block 107, Lots 51, 52, 53, 54, and 55, which together comprise approximately 4.63 acres. Similar to the West Passaic Street overlay, this district permits the development of stacked townhomes...The maximum permitted density within this overlay district is 16 dwelling units per acre, and all developments are required to provide a minimum 20 percent affordable housing set-aside. It is anticipated that 15 affordable housing units would be constructed in this zone.""]"
Maywood,Affordable Housing 1 Overlay District (AH-1) - Spring Valley Avenue,"Spring Valley Avenue, Maywood, NJ",3,1,2.5,inclusionary overlay,,AH-1 Overlay District,24.0,,12,20.0,,"adopted-ordinance (March 13, 2026)",,high,verified,https://library.njcourts.gov/files/civil/affordable-housing/bergen/maywood-boro/MaywoodRound4HEFSP011926.pdf?VersionId=XWbQM7BAtB0VBPw0ev2A3ZmoxzzxXAw3,"Pages 25, 34 (HEFSP pp. 25, 34)",2026-01-19,"MISSING from candidate snapshot entirely. Third new overlay district for Round 4. Mid-rise (up to 4 stories = 3 residential over podium parking). Block 3, Lot 1 (~2.5 acres) on Spring Valley Ave. [src quote: ""The Affordable Housing 1 Overlay District (AH-1) is located along Spring Valley Avenue and applies to Block 3, Lot 1, which has a lot area of approximately 2.5 acres. This overlay permits mid-rise apartment buildings...Development within the AH-1 District is permitted at a maximum density of 24 dwelling units per acre, and...A minimum of 20% affordable housing set-aside is required and it is anticipated that 12 affordable housing units would be constructed on this site.""]"
Maywood,West Passaic Street Stacked Townhome Overlay District,"West Passaic Street, Maywood, NJ",87,"2, 3, and 4",2.95,inclusionary overlay,,Stacked Townhome Overlay,18.0,,11,20.0,,"adopted-ordinance (March 13, 2026)",,high,verified,https://library.njcourts.gov/files/civil/affordable-housing/bergen/maywood-boro/MaywoodRound4HEFSP011926.pdf?VersionId=XWbQM7BAtB0VBPw0ev2A3ZmoxzzxXAw3,Page 25 (HEFSP p. 25),2026-01-19,"Round 4 unmet need mechanism. Stacked townhomes permitted. The 11 affordable units are anticipated based on 20% set-aside at maximum density. Candidate snapshot confirmed Block 87, Lots 2/3/4 with 20% set-aside. [src quote: ""The West Passaic Street Stacked Townhome Overlay District applies to the combined properties identified as Block 87, Lots 2, 3, and 4, comprising approximately 2.95 acres. This overlay permits the development of stacked townhomes...Development within this overlay district is permitted at a maximum density of 18 dwelling units per acre and is subject to a minimum affordable housing set-aside of 20 percent. It is anticipated that 11 affordable housing units would be constructed in this zone.""]"
Midland Park,Mandatory Set-Aside Ordinance (Borough-Wide),,,,,mandatory set-aside ordinance,,,,,,20.0,,adopted,,high,verified,https://library.njcourts.gov/files/civil/affordable-housing/bergen/midland-park-boro/61725MidlandParkHEFSPPart1.pdf?VersionId=Q6LNHYaFujCFppV.eW_d1uTOVSSitCO6,Fair Share Plan section,2025-06-17,"Primary mechanism for addressing the 155-unit Fourth Round Unmet Need. No block/lot — borough-wide. [src quote: ""Borough-wide Mandatory Set-Aside Ordinance requiring 20% affordable housing set-aside for new multi-family development of 5 or more units.""]"
Midland Park,Block 22 Site (MFO-3 Overlay),,22,"1, 2, 3, 4, 5, 10, 11, 12, 13",1.33,inclusionary overlay,,MFO-3 Multi-Family Overlay,18.0,23,4,17.0,rental,proposed,,high,verified,https://library.njcourts.gov/files/civil/affordable-housing/bergen/midland-park-boro/61725MidlandParkHEFSPPart1.pdf?VersionId=Q6LNHYaFujCFppV.eW_d1uTOVSSitCO6,Table 21,2025-06-17,"MFO-3 Multi-Family Overlay proposed. 9 lots comprising 1.33 acres. [src quote: ""Block 22 Site (Block 22, Lots 1,2,3,4,5,10,11,12,13) — 23 total / 4 affordable, proposed MFO-3 overlay, 18 du/ac, 1.33 acres.""]"
Midland Park,577 Godwin Avenue,577 Godwin Avenue,41,2,,inclusionary,,,,6,1,17.0,,completed,,high,verified,https://library.njcourts.gov/files/civil/affordable-housing/bergen/midland-park-boro/61725MidlandParkHEFSPPart1.pdf?VersionId=Q6LNHYaFujCFppV.eW_d1uTOVSSitCO6,Table 21,2025-06-17,"Fourth Round site; completed. [src quote: ""577 Godwin Avenue (Block 41, Lot 2) — 6 total units / 1 affordable unit, completed.""]"
Midland Park,90 Midland Avenue MARD (Block 45 Lot 9.01),90 Midland Avenue,45,9.01,,redevelopment,,Midland Avenue Redevelopment District (MARD),21.0,28,5,18.0,rental,"adopted (Ordinance #14-2024, October 10, 2024)",,high,verified,https://library.njcourts.gov/files/civil/affordable-housing/bergen/midland-park-boro/61725MidlandParkHEFSPPart1.pdf?VersionId=Q6LNHYaFujCFppV.eW_d1uTOVSSitCO6,Table 21,2025-06-17,"Midland Avenue Redevelopment District. Density ≤21 du/ac. Set-aside 15% rental / 20% for-sale. [src quote: ""90 Midland Ave MARD (Block 45, Lot 9.01) — 28 total / 5 affordable, 15%/20% set-aside, maximum 21 du/ac, Ordinance #14-2024 adopted October 10, 2024.""]"
Midland Park,Nouvelle LLC / 714 Godwin Avenue (100% Affordable Veterans),714 Godwin Avenue,55,8,,100% affordable,,,,5,5,100.0,rental,completed (amended October 2024),Nouvelle LLC,high,verified,https://library.njcourts.gov/files/civil/affordable-housing/bergen/midland-park-boro/61725MidlandParkHEFSPPart1.pdf?VersionId=Q6LNHYaFujCFppV.eW_d1uTOVSSitCO6,Table 21,2025-06-17,"100% affordable veterans housing; completed. [src quote: ""Nouvelle LLC / 714 Godwin Ave (Block 55, Lot 8) — 5 units 100% affordable veterans housing, completed (amended October 2024).""]"
Montvale,Nouvelle LLC 100% Affordable Project,,,,,100% affordable,,,,6,6,100.0,rental,approved (Planning Board December 2024),Nouvelle LLC,high,verified,https://library.njcourts.gov/files/civil/affordable-housing/bergen/montvale-boro/61725MontvaleAdoptedRd4PlanAppendixforProgramXxPart1.pdf?VersionId=PZqbu6b1jPmF9JfYwFbJwhzj.5QBIkpB,"Housing Element section, page 17 area",2025-06-04,"6-unit 100% affordable rental project. Approved by Montvale Planning Board in December 2024. Block/lot not stated in Part 1 Housing Element section. Full site details expected in Chapter X (Fair Share Plan), which is not in the available OCR file. [src quote: ""affordable rental project by Nouvelle, LLC received approval from the Planning Board on December [2024]""]"
Montvale,1 Glenview Road (Third Round / S. Hekemian Settlement Site),1 Glenview Road,,,,inclusionary overlay,,,,42,,,rental,approved (Third Round settlement; status unknown for Fourth Round credit),S. Hekemian Group LLC,high,verified,https://library.njcourts.gov/files/civil/affordable-housing/bergen/montvale-boro/61725MontvaleAdoptedRd4PlanAppendixforProgramXxPart1.pdf?VersionId=PZqbu6b1jPmF9JfYwFbJwhzj.5QBIkpB,Housing Element section (housing projections),2025-06-04,"42-unit development referenced in housing stock projections. Part of 2017 Third Round settlement with S. Hekemian Group. Address confirmed; block/lot not in Part 1. Fourth Round credit status unknown from available documents. [src quote: ""42 units at 1 Glenview Road""]"
Montvale,7 E. Grand Avenue (Projected Development),7 East Grand Avenue,,,,inclusionary overlay,,,,18,,,rental,projected,,high,verified,https://library.njcourts.gov/files/civil/affordable-housing/bergen/montvale-boro/61725MontvaleAdoptedRd4PlanAppendixforProgramXxPart1.pdf?VersionId=PZqbu6b1jPmF9JfYwFbJwhzj.5QBIkpB,Housing Element section (housing projections),2025-06-04,"18-unit projected development. Address confirmed; block/lot not in Part 1. Mechanism and affordable unit count not specified in Part 1. Details expected in Fair Share Plan (Chapter X), not in available OCR. [src quote: ""The Borough also projects 18 units at 7 E. Grand Avenue.""]"
New Milford,The Nest,1070 River Road,104,18,,inclusionary overlay,,,,38,4,,rental,completed,,high,verified,https://library.njcourts.gov/files/civil/affordable-housing/bergen/new-milford-boro/PagesfromNewMilfordHEFSPFINALADOPTED52025tofilePart1.pdf?VersionId=zIYrkCKyJH_MYBIQuPrWJli0cbbdbDGw,Prior Round credits section,2025-05-20,"Built and occupied in 2020. 4 affordable rental units out of 38 total. Counted as prior round credit. [src quote: ""Block 104, Lot 18 – The Nest (1070 River Road) — 38 units, 4 affordable rental (built/occupied 2020)""]"
New Milford,Advanced Housing DNM Group Home,,1407,56,,100% affordable,,,,,,100.0,rental,completed (prior round credit),Advanced Housing DNM,high,verified,https://library.njcourts.gov/files/civil/affordable-housing/bergen/new-milford-boro/PagesfromNewMilfordHEFSPFINALADOPTED52025tofilePart1.pdf?VersionId=zIYrkCKyJH_MYBIQuPrWJli0cbbdbDGw,Prior Round credits section,2025-05-20,"Prior round group home credit. 2-bedroom group home. Counted toward Third Round compliance. [src quote: ""Block 1407, Lot 56 – Advanced Housing DNM 2-BR group home""]"
New Milford,NIPD Group Home,,1503,15,,100% affordable,,,,,,100.0,rental,completed (prior round credit),NIPD,high,verified,https://library.njcourts.gov/files/civil/affordable-housing/bergen/new-milford-boro/PagesfromNewMilfordHEFSPFINALADOPTED52025tofilePart1.pdf?VersionId=zIYrkCKyJH_MYBIQuPrWJli0cbbdbDGw,Prior Round credits section,2025-05-20,"Prior round group home credit. 4-bedroom group home. 11 total bedrooms across 3 group homes = 22 credits with bonus. Counted toward Third Round compliance. [src quote: ""Block 1503, Lot 15 – NIPD 4-BR group home (11 total bedrooms = 22 credits with bonus)""]"
New Milford,ShopRite and Bank Sites (River Road Redevelopment),River Road,501,9 and 10,,redevelopment,,,,160,32,20.0,rental,redevelopment plan adopted,Crossroads Companies,high,verified,https://library.njcourts.gov/files/civil/affordable-housing/bergen/new-milford-boro/PagesfromNewMilfordHEFSPFINALADOPTED52025tofilePart1.pdf?VersionId=zIYrkCKyJH_MYBIQuPrWJli0cbbdbDGw,Fair Share Plan section,2025-05-20,"8 of 32 affordable units are age-restricted. Net new Fourth Round credits = 5 (new affordable) + 2.5 bonus = 7.5 total. Developer is Crossroads Companies. Existing use: ShopRite supermarket and bank. [src quote: ""ShopRite and Bank Sites, River Road – Block 501, Lots 9 and 10: ... The redevelopment plan provides for the construction of 160 dwelling units, of which 32 will be affordable rental units (a 20 percent set aside), and 12,500 square feet of retail space.""]"
New Milford,Center for Family Support Group Home,,818,13,,100% affordable,,,,,,100.0,rental,completed (prior round credit),Center for Family Support,high,verified,https://library.njcourts.gov/files/civil/affordable-housing/bergen/new-milford-boro/PagesfromNewMilfordHEFSPFINALADOPTED52025tofilePart1.pdf?VersionId=zIYrkCKyJH_MYBIQuPrWJli0cbbdbDGw,Prior Round credits section,2025-05-20,"Prior round group home credit. 5-bedroom group home. Counted toward Third Round compliance. [src quote: ""Block 818, Lot 13 – Center for Family Support 5-BR group home""]"
North Arlington,165-173 Ridge Road (Ridge Road Redevelopment),165-173 Ridge Road,23,"24, 24.01, 25",,redevelopment,,Ridge Road Redevelopment Plan,,15,,,,"approved by Planning Board April 21, 2025",,high,verified,https://library.njcourts.gov/files/civil/affordable-housing/bergen/north-arlington-boro/NorthArlingtonHESFPwithPBReso7.28.25.pdf?VersionId=VAU9olOFP4OXQaZiGiQ6P1R3G7DVuCu_,Fair Share Plan section,2025-07-28,"CORRECTION from candidate snapshot: No affordable units are specified for this project in the HEFSP. The document confirms block/lot and unit count but provides NO set-aside requirement or affordable unit count. This project appears to be market-rate only under the redevelopment plan. Not counted as an affordable housing compliance site in the Fourth Round plan. [src quote: ""165-173 Ridge Road (Block 23, Lots 24, 24.01, 25) – 15-unit multifamily + ground floor commercial; approved by Planning Board April 21, 2025 under Ridge Road Redevelopment Plan""]"
Northvale,Residential Multifamily Inclusionary Overlay District (RMI),,"302, 602, 603, 608, 915, 1011, 1101, 1102","Blk302 L1,2,3,4,6; Blk602 L1,3,5; Blk603 L1,3,4,5; Blk608 L1-4; Blk915 L1-6; Blk1011 L1,3,5.02,25,27; Blk1101 L1-14; Blk1102 L1-12",,inclusionary overlay district,,inclusionary overlay,30.0,,,20.0,rental or sale,overlay adopted/amended 2026-03-12 (Ord. BER-L-000365-25),,high,verified,https://library.njcourts.gov/files/civil/affordable-housing/bergen/northvale-boro/ordianceoverlayzonenorthvale.pdf,Overlay Ordinance Sec 200-19,2026-03-12,"Max density amended 14->30 du/ac; set-aside amended 15%->20% (rental; 20% for-sale); min lot area amended 3 ac -> 22,000 sf; 30-yr deed-restricted family affordable units. Unit yield depends on development application."
Northvale,Paris Avenue Inclusionary Overlay District (PAI),,"909, 910, 911, 912, 914","Blk909 L1-7,23,24; Blk910 L1-3; Blk911 L1,2,3,11,12,13; Blk912 L1; Blk914 L1,2",,inclusionary overlay district,,inclusionary overlay,30.0,,,20.0,rental or sale,overlay adopted/amended 2026-03-12 (Ord. BER-L-000365-25),,high,verified,https://library.njcourts.gov/files/civil/affordable-housing/bergen/northvale-boro/ordianceoverlayzonenorthvale.pdf,Overlay Ordinance Sec 200-19,2026-03-12,"Max density 30 du/ac; min lot 22,000 sf; min 20% affordable (rental & for-sale; amended up from 15% rental); 30-yr deed-restricted family affordable units; max height 40 ft/3 stories. Unit yield depends on development application."
Norwood,"Affordable Housing Overlay - Block 183, Lot 1.01",,183,1.01,2.196,100% affordable,,Affordable Housing Overlay District,,24,24,100.0,,overlay in place (ordinance adopted),,high,verified,https://library.njcourts.gov/files/civil/affordable-housing/bergen/norwood-boro/fourthroundplan10501120250627144001.pdf?VersionId=lv5jg3uRXCferz5I.ypCzrqGz4e2V751,Page 89 (Section Q of Affordable Housing Overlay),,"2.196-acre privately owned parcel. Does not require assemblage. Has access to roads and utilities. Maximum 2 stories. 100% affordable, 24-unit maximum. VLA identified 7 affordable units from remaining vacant parcels (including this site and Block 184/185/186 assemblage). [src quote: ""Q. Location. The affordable housing overlay district contains all of the parcels of land designated on the Tax Assessment Map of the Borough of Norwood as Block 183, Lot 1,01, (1) Principal permit use. (a) Multiple-family dwellings, in the form of townhouses or apartments, (2) Maximum permitted density (a) 24 units, 100% affordable""]"
Norwood,Affordable Housing Overlay - Block 184/185/186,,"184, 185, 186","1, 1, 1",0.927,100% affordable,,Affordable Housing Overlay District,,24,24,100.0,,overlay in place (ordinance adopted),,high,verified,https://library.njcourts.gov/files/civil/affordable-housing/bergen/norwood-boro/fourthroundplan10501120250627144001.pdf?VersionId=lv5jg3uRXCferz5I.ypCzrqGz4e2V751,Page 89 (Section P of Affordable Housing Overlay),,"Three Borough-owned lots totaling 3,716 sq ft (0.085 acres combined per HEFSP; however text says 'assemblage would result in 3,716 of site area'). All three lots owned by Borough. Maximum 2 stories. Townhouses or apartments. 100% affordable, 24-unit maximum. Set as an overlay district in the HEFSP/ordinance. [src quote: ""P, Location. The affordable housing overlay district contains all of the parcels of land designated on the Tax Assessment Map of the Borough of Norwood as Block 184, Lot 1, Block 185, Lot 1, Block 186, Lot 1, (1) Principal permit use. (a) Multiple-family dwellings, in the form of townhouses or apartments, (2) Maximum permitted density (a) 24 units, 100% affordable""]"
Norwood,400 Livingston Street,400 Livingston Street,93,12,,inclusionary overlay,,,,36,6,,,"approved by Planning Board January 29, 2025",,high,verified,https://library.njcourts.gov/files/civil/affordable-housing/bergen/norwood-boro/fourthroundplan10501120250627144001.pdf?VersionId=lv5jg3uRXCferz5I.ypCzrqGz4e2V751,Page 17-18 and Fair Share Plan section,,"Three-story multi-family building. Affordable breakdown: 1 one-BR, 3 two-BR, 2 three-BR; 13% minimum very-low-income units per approval. Counts as 6 RDP units. [src quote: ""Block 93, Lot 12 - commonly identified as 400 Livingston Street received approval from the Borough of Norwood Planning Board on January 29, 2025. The Applicant was approved to construct a three-story, multi-family building, The proposed building consisted of a total of 36 units inclusive of six (6) affordable units.""]"
Oakland,DT-1 Affordable Housing Overlay Zone,"Various parcels in Downtown I zone, Ramapo Valley Road area, Oakland, NJ",,,37.0,inclusionary overlay — DT-1 AHO,DT-1,DT-1 Affordable Housing Overlay,22.0,,,20.0,,"Amended by Ord. 26CODE984 March 12, 2026 (density raised from 18 to 22 du/ac)",,high,verified,https://library.njcourts.gov/files/civil/affordable-housing/bergen/oakland-boro/Ordinance26CODE984Amendsection59.53.1.1toRevisePermittedDensityandRequiredAffordableHousingSetAsideinDT1AffordableHousingOverlayZone.pdf?VersionId=P6jWScFR2stiS3rW3UQI23d6LeTPRpc1,Section 59-53.1.1,2026-03-12,"Zone contains 37 acres per Round 3 settlement. Density increase from 18 to 22 du/ac generates potential for ~148 more units (~30 affordable). Ground-floor residential prohibited; inclusionary use only on 2nd-3rd floors. Block/Lot details for individual parcels not specified in ordinance text — shown as 'Various' per Table 20 in HEFSP. [src quote: ""Permitted residential density shall not exceed 22 dwelling units per acre. The minimum affordable housing set-aside shall be 20% for both rental and for-sale units.""]"
Oakland,DT-2 Affordable Housing Overlay Zone,"Various parcels in Downtown II zone, Oakland, NJ",,,,inclusionary overlay — DT-2 AHO,DT-2,DT-2 Affordable Housing Overlay,15.0,,,20.0,rental,"Amended by Ord. 26CODE985 March 12, 2026 (set-aside confirmed at 20%)",,high,verified,https://library.njcourts.gov/files/civil/affordable-housing/bergen/oakland-boro/Ordinance26CODE985AmendSection59.53.2.1toReviseRequiredAffordableHousingSetAsideDT2AffordableHousingOverlayZone.pdf?VersionId=Erd8J.4A_30fxn1kpNpI8lOtRnUAoyi2,Section 59-53.2.1,2026-03-12,"HEFSP notes 'all potential units created through revisions to the DT-2 overlay zone would be rental units'. Block/Lot details not specified in ordinance — shown as 'Various' per Table 20. [src quote: ""Permitted residential density shall not exceed 15 dwelling units per acre. The minimum affordable housing set-aside shall be 20% for both rental and for-sale units.""]"
Oakland,Rehabilitation Program,"Borough-wide, Oakland, NJ",,,,rehabilitation,,,,,10,,,program active; 4 properties rehabilitated since 2022,"Community Grants, Planning & Housing (CGP&H)",high,verified,https://library.njcourts.gov/files/civil/affordable-housing/bergen/oakland-boro/OaklandRound4Planpart1.pdf?VersionId=TyKyyHmbcr04GxSSl1xYqD0d8Y4zB.1w,Round 4 Present Need section,2025-06-23,"Present need obligation = 10 units. 4 properties rehabilitated since 2022 (OAK-2204, OAK-2205, OAL-2308, OAK-2410). [src quote: ""Oakland's Round 4 present need obligation is ten units. The Borough has established a rehabilitation program that is administered by Community Grants, Planning & Housing (CGP&H).""]"
Oakland,Terhune Site — RA-5AH Zone (Round 3 carryover),"Terhune Street / Elm Street area, Oakland, NJ",1802,1,,"inclusionary — RA-5AH overlay (Round 3, carried to Round 4)",RA-5AH,RA-5AH,,,17,,,Ordinance adopted (Round 3 mechanism); sewer infrastructure needed,Ropper-Oakland LLC (challenger/owner),high,verified,https://library.njcourts.gov/files/civil/affordable-housing/bergen/oakland-boro/OaklandAmendedHEFSP03.12.2026compressedpart1.pdf?VersionId=yU3ZvhIzGIjTAPjKReSl34y15Ydzj.wi,Ropper-Oakland LLC Challenge response section,2026-03-12,"Round 3 carryover site; already zoned RA-5AH; 17 affordable units; agreement 'in principle' with Ropper-Oakland LLC per Amended HEFSP for sewer connection via Oakwood Knolls Pump Station. Development pending sewer availability. [src quote: ""The site is situated in the RA-5AH Zone District, which permits inclusionary development resulting in 17 affordable units. The Borough is not proposing any zoning revisions in connection with the site because it is already zoned to allow for inclusionary development.""]"
Oakland,McBride/Hovan Property — RA-6AH Zone,"McBride/Hovan site, Oakland, NJ",3301,2,66.9,inclusionary — new RA-6AH zone,RC Residential Cluster / IP Industrial Park,RA-6AH Affordable Housing Zone,,240,48,20.0,,"Ordinance 26CODE986 adopted March 12, 2026",TDC Acquisition LLC (challenger/owner),high,verified,https://library.njcourts.gov/files/civil/affordable-housing/bergen/oakland-boro/Ordinance26CODE986AmendlandUseandZoningOrdinancetocreateanAffordableHousingDistrictforBlk3301.2andBlk340111.12.19.40to43.52.53.57.58McBridepropforAffordableHousingObligation.pdf?VersionId=SPQ_vepxLIDS_efNZrOm5Xf6DEK3kM8n,"Section 59-52.9, RA-6AH Zone, Sections A and E",2026-03-12,"Combined acreage ~66.9 acres across all lots; maximum 240 units / minimum 48 affordable (20%). Requires on-site waste management system (outside sewer service area). TDC Acquisition LLC is challenger/owner. Affordable units = 48 (20% of 240). [src quote: ""The purpose of the RA-6AH Zone is to permit development of a tract now or formerly designated as Block 3301, Lot 2, and Block 3401, Lots 11, 12, 19, 40-43, 52, 53, 57, and 58, as an inclusionary residential development consisting of not more than 240 residential units, with a minimum of 20 percent of permitted and delivered units being affordable housing units.""]"
Oakland,McBride/Hovan Property — RA-6AH Zone (Block 3401 lots),"McBride/Hovan site, Oakland, NJ",3401,"11, 12, 19, 40, 41, 42, 43, 52, 53, 57, 58",,inclusionary — new RA-6AH zone,RC Residential Cluster / IP Industrial Park,RA-6AH Affordable Housing Zone,,,,20.0,,"Ordinance 26CODE986 adopted March 12, 2026",TDC Acquisition LLC (challenger/owner),high,verified,https://library.njcourts.gov/files/civil/affordable-housing/bergen/oakland-boro/Ordinance26CODE986AmendlandUseandZoningOrdinancetocreateanAffordableHousingDistrictforBlk3301.2andBlk340111.12.19.40to43.52.53.57.58McBridepropforAffordableHousingObligation.pdf?VersionId=SPQ_vepxLIDS_efNZrOm5Xf6DEK3kM8n,"Section 59-52.9, RA-6AH Zone, Section A",2026-03-12,"These Block 3401 lots are included in the same RA-6AH zone as Block 3301 Lot 2. Total 240 units / 48 affordable across all lots combined. Amended HEFSP (March 2026) describes combined acreage as ~66.9 acres. [src quote: ""Block 3401, Lots 11, 12, 19, 40-43, 52, 53, 57, and 58 — part of RA-6AH Zone tract; maximum 240 units, 20% affordable""]"
Oakland,Leone Brothers / McCoy Road — RA-7AH Zone,"129 McCoy Road / 111 McCoy Road area, Oakland, NJ",4004,"4, 5",10.5,inclusionary — new RA-7AH zone,,RA-7AH Affordable Housing Zone,,85,17,20.0,,"Ordinance 26CODE987 adopted March 12, 2026",Leone Brothers Property LLC (challenger/owner),high,verified,https://library.njcourts.gov/files/civil/affordable-housing/bergen/oakland-boro/Ordinance26CODE987AnOrdinancetoCreateaNewInclusionaryZoneDistrictfor129McCoyRoad44044.5Leone.pdf?VersionId=jgYFfA0au2LL_aCh.cBzMJMhPM5nd.gG,"Section 59-52.10, RA-7AH Zone, Sections A and D",2026-03-12,"Block 4004 Lots 4 & 5; ~10.5 acres (HEFSP says 'horse farm' ~10.5 acres); 85 max total units / 17 affordable (20%); sewer access needed via adjacent property. Leone Brothers Property LLC is the challenger/owner. [src quote: ""AN ORDINANCE TO CREATE A NEW INCLUSIONARY ZONE DISTRICT FOR 129 McCOY ROAD (BLOCK 4004, LOTS 4&5) ... maximum of 85 total units ... Not less than 17 units, or 20% of the total number of units on the site, whichever is greater, shall be affordable to low- and moderate-income households""]"
Old Tappan,244 Old Tappan Road - Assisted Living,244 Old Tappan Road,1606,3,,100% affordable,,,,100,10,10.0,rental,approved,,high,verified,https://library.njcourts.gov/files/civil/affordable-housing/bergen/old-tappan-boro/OldTappanHousingElement4thRoundClean4156.06202601281.pdf?VersionId=Qiv_vGNHYdUwvfUMBOqBSVoZZHlKXtoR,"Section 4.C Plan Components, Table 25",2025-06-11,"Senior assisted living facility. 100 beds total; 10% set-aside = 10 affordable beds. Age-restricted. Table 25 confirms 10 credits. Borough recently approved. [src quote: ""244 Old Tappan Road, Block 1606, Lot 3; Assisted Living Housing. The Borough has recently approved a 100-bed senior assisted living facility located at 244 Old Tappan Road. This development is required to set aside 10% or 100 units as affordable beds yielding.""]"
Old Tappan,Town Center Overlay Zone (TCO) - MU and PO Zones,Old Tappan Road corridor,"1606, 1101, 1102, 1605, 701, 701.01","5, 6 (Blk 1606); 1,2,3,5 (Blk 1101); 1-4 (Blk 1102); 4,5,6 (Blk 1605); 8 (Blk 1606); 14.01,14.02,15 (Blk 701); 16 (Blk 701.01)",34.5,inclusionary overlay,"B-1, B-2 commercial",Town Center Overlay (MU-Mixed Use and PO-Professional Office sub-zones),15.0,,104,20.0,rental,proposed overlay (pending ordinance adoption),,high,verified,https://library.njcourts.gov/files/civil/affordable-housing/bergen/old-tappan-boro/OldTappanHousingElement4thRoundClean4156.06202601281.pdf?VersionId=Qiv_vGNHYdUwvfUMBOqBSVoZZHlKXtoR,"Section 4.C.3, Map 2, Table 25",2025-06-11,"Town Center Overlay covers 18 parcels, 34.5 acres total. Intended density 15 du/acre. Gross potential: 104 affordable units (at 20% set-aside). Anticipated rental units; for-sale permitted subject to FHA minimums. MU Overlay (21.9 ac): promotes mixed use residential/commercial including Bi-State Plaza. PO Overlay (12.6 ac): professional office/residential. Overlay ordinance (Ordinance 129126) provides implementing zoning. This is the primary mechanism addressing the 25% redevelopment obligation (53 units) required for RDP=0 municipalities. [src quote: ""(a) MU Overlay Zone (21.9 acres): Block 1606, Lots 5 and 6; Block 1101, Lots 1,2,3,5; Block 1102, Lots 1-4 (b) PO Overlay Zone (12.6 acres): Block1605, Lots 4,5 and 6; Block 1606, Lot 8, Block 701, Lots 14.01,14.02 and 15; Block 701.01, Lot16""]"
Old Tappan,New Concepts for Living Group Home (1043 Washington Ave / 302 Old Tappan Rd),1043 Washington Avenue and 302 Old Tappan Road,1701,7.01 and 7.02,,100% affordable,,,,12,12,100.0,rental,completed (occupied),New Concepts for Living,high,verified,https://library.njcourts.gov/files/civil/affordable-housing/bergen/old-tappan-boro/OldTappanHousingElement4thRoundClean4156.06202601281.pdf?VersionId=Qiv_vGNHYdUwvfUMBOqBSVoZZHlKXtoR,"Section 4.C Plan Components, Table 25",2025-06-11,"12-bed adult special needs group home. Constructed and occupied. Operated by New Concepts for Living. Table 25 confirms 12 credits. Adjoining lots (7.01 and 7.02) together constitute the site. [src quote: ""1043 Washington Avenue & 302 Old Tappan Road, Block 1701, Lots 7.01 and 7.02. A twelve (12) bed group home of adult special needs housing has been constructed and is occupied at 1043 Washington Avenue and adjoining lot located 302 Old Tappan Road. The group home is operated by New Concepts for Living.""]"
Oradell,445-447 Kinderkamack Road (Inclusionary Rezone - Round 4 RDP),"445-447 Kinderkamack Road, Oradell, NJ",,,0.71,inclusionary-rezoning,B-1/CBD overlay,B-1/CBD overlay at 22 du/ac,22.0,15,3,20.0,,draft ordinance (Appendix E),,high,verified,https://library.njcourts.gov/files/civil/affordable-housing/bergen/oradell-boro/6.25.25ORDAELLHEFSPADOPTED6.24.25Part1.pdf?VersionId=by7o.pgjg3Itv8UK8wzDhBCi8wwL0R6z,Pages 30-31 (HEFSP pp. 27-28),2025-06-24,"Round 4 RDP site. 0.71-acre parcel. Developer proposed 40 units/8 affordable at 57 du/ac; borough rejected as out of character. Rezoning at 22 du/ac per court-approved CBD zone standard. Block/lot not stated in HEFSP text; block/lot from candidate snapshot (Block 1102, Lot 1 for 420 Kinderkamack is different site; 445-447 block/lot not confirmed). Bonus credit of 0.75 for prior nonresidential use. [src quote: ""445-447 Kinderkamack Road. The Borough proposes to rezone this property at a density of 22 units per acre, resulting in the potential for a development of 15 units, of which 3 units (20%) are affordable.""]"
Oradell,CBD Overlay Zone Extension (Kinderkamack Road Corridor - Unmet Need),"Kinderkamack Road corridor (Orchard St to Soldier Hill Rd), Oradell, NJ",,,14.0,inclusionary overlay,B-1 / B-3,B-1 with CBD overlay,,,,20.0,,draft ordinance (Appendix E),,high,verified,https://library.njcourts.gov/files/civil/affordable-housing/bergen/oradell-boro/6.25.25ORDAELLHEFSPADOPTED6.24.25Part1.pdf?VersionId=by7o.pgjg3Itv8UK8wzDhBCi8wwL0R6z,Pages 33-35 (HEFSP pp. 30-32),2025-06-24,"Addresses Round 4 unmet need (177 units). Extends the existing CBD overlay that produced prior round credits. Specific block/lots of expanded area not individually listed in HEFSP text. [src quote: ""1. Expand the B-1 zone/CBD overlay zone northward on the western side of Kinderkamack Road from Orchard Street to Soldier Hill Road. 2. Rezone the B-3 zone to the B-1 zone/CBD overlay zone...The above revisions add an additional approximately 14 acres to the overlay zone to address unmet need.""]"
Oradell,505 Kinderkamack Road (Age-Restricted Mandatory Set-Aside) [Prior Round Credit],"505 Kinderkamack Road, Oradell, NJ",,,,mandatory set-aside,,,,,3,,rental,built,,high,verified,https://library.njcourts.gov/files/civil/affordable-housing/bergen/oradell-boro/6.25.25ORDAELLHEFSPADOPTED6.24.25Part1.pdf?VersionId=by7o.pgjg3Itv8UK8wzDhBCi8wwL0R6z,Page 33 (HEFSP p. 29),2025-06-24,"Prior-round credit under mandatory set-aside ordinance. Block/lot not stated in HEFSP. Candidate snapshot referenced 20 total units / 3 affordable, age-restricted rental at this address (ZBA CAL #891-25 amendment). HEFSP confirms 3 affordable age-restricted units constructed. [src quote: ""505 Kinderkamack Road: three (3) affordable age restricted units that are constructed. These units resulted from the mandatory set-aside ordinance.""]"
Oradell,387-393 Kinderkamack Road (CBD Overlay - Family Rental) [Prior Round Credit],"387-393 Kinderkamack Road, Oradell, NJ",,,,CBD overlay,,,,,1,,rental,built,,high,verified,https://library.njcourts.gov/files/civil/affordable-housing/bergen/oradell-boro/6.25.25ORDAELLHEFSPADOPTED6.24.25Part1.pdf?VersionId=by7o.pgjg3Itv8UK8wzDhBCi8wwL0R6z,Page 33 (HEFSP p. 29),2025-06-24,"Prior-round credit under CBD overlay zone mechanism. Block/lot not stated. [src quote: ""387-393 Kinderkamack Road: one (1) family affordable rental unit, which resulted from the CBD Overlay Zone.""]"
Oradell,"Habitat for Humanity - Reis Avenue (Block 107, Lot 29)","Corner of Kinderkamack Road and Reis Avenue, Oradell, NJ",107,29,,100pct-affordable,,,,1,1,100.0,for-sale,under construction,Habitat for Humanity of Bergen County,high,verified,https://library.njcourts.gov/files/civil/affordable-housing/bergen/oradell-boro/6.25.25ORDAELLHEFSPADOPTED6.24.25Part1.pdf?VersionId=by7o.pgjg3Itv8UK8wzDhBCi8wwL0R6z,Pages 35 (HEFSP p. 32),2025-06-24,"Counts as the '25% of adjusted prospective need' (1 unit) required by FHA 2. Borough donated the property to Habitat. Three-bedroom for-sale affordable unit. [src quote: ""Habitat for Humanity, Reis Avenue.  This property, located at the corner of Kinderkamack Road and Reis Avenue, is also known as Block 107, Lot 29.  The Borough donated this property to Habitat to provide an opportunity for affordable housing. Habitat for Humanity presently is constructing one dwelling unit containing three bedrooms on the subject property.""]"
Oradell,"Bergen County United Way - Genther Ave (Block 223, Lot 5) [Prior Round Credit]","Genther Avenue, Oradell, NJ",223,5,,100pct-affordable,,,,4,4,100.0,rental,"approved (ZBA Calendar No. 874-24, May 19, 2025)",Bergen County United Way / Madeline Corp NFP,high,verified,https://library.njcourts.gov/files/civil/affordable-housing/bergen/oradell-boro/6.25.25ORDAELLHEFSPADOPTED6.24.25Part1.pdf?VersionId=by7o.pgjg3Itv8UK8wzDhBCi8wwL0R6z,Page 33 (HEFSP p. 29),2025-06-24,"Prior-round (Rounds 1-3 unmet need) credit site, not a Round 4 prospective need site. Borough donated to BCUW. ZBA approved May 19, 2025 (Cal. No. 874-24). 4 total units: 1 four-bedroom group home + 1 one-bedroom + 1 two-bedroom supportive housing. [src quote: ""agreement with Bergen County United Way for the property known as Block 223, Lot 5 located on Genther Ave. The Borough donated Lot 5 to Bergen County United Way (BCUW) so that the lot could be developed with special needs and supportive housing...approval was granted for the following: A four-bedroom group home to be constructed on the first floor. A one-bedroom and a two-bedroom supportive housing (independent living) apartment on the second floor.""]"
Palisades Park,100 Grand Avenue (100 Grand Av Inc. Inclusionary),100 Grand Avenue (West Edsall Blvd and Grand Ave intersection),104,"16, 17",0.529,inclusionary overlay,M-1/AHMUD,AHMUD (Affordable Housing Mixed-Use Development) Overlay,40.0,20,4,20.0,,overlay in place (AHMUD Overlay Zone),100 Grand Av Inc.,high,verified,https://library.njcourts.gov/files/civil/affordable-housing/bergen/palisades-park-boro/Segment001of61825PALISADESPARKAdoptedHEFSP.pdf?VersionId=brqpzmPrbzcK23YfmQfVMuzk3RK3elEG,"Table 16 (RDP), Table 17, Section (100 Grand Avenue Inc.)",2025-06-02,"Two lots totaling 0.529 acres within existing AHMUD Overlay Zone. Owner: 100 Grand Av Inc. Approximately 20 units at 40 du/ac; 4 affordable (20% set-aside). Table 16 shows lots 16 (0.207 ac, 1.66 affordable units) and 17 (0.322 ac, 2.58 affordable units) = ~4 total affordable. [src quote: ""100 Grand Avenue Inc. (Block 104, Lots 16 and 17) – Proposed Inclusionary Housing Site. The site located at the intersection of West Edsall Boulevard and Grand Avenue consists of approximately 0.529 acres and comprises two separate tax lots. It is situated within the AHMUD (Affordable Housing Mixed-Use Development) Overlay Zone, which permits multi-family residential development at a density of up to 40 units per acre. ... a 20% set-aside for affordable housing applies, resulting in a minimum of 4 affordable units""]"
Palisades Park,12 Bellview Place (Municipally Sponsored 100% Affordable),12 Bellview Place,217,23,0.23,100% affordable,,Multi-family residential (~87 du/acre),87.0,20,20,100.0,,proposed (Borough-owned site),Borough of Palisades Park (municipally sponsored),high,verified,https://library.njcourts.gov/files/civil/affordable-housing/bergen/palisades-park-boro/Segment001of61825PALISADESPARKAdoptedHEFSP.pdf?VersionId=brqpzmPrbzcK23YfmQfVMuzk3RK3elEG,"Section 3.3.1 (Bellview Place), Table 17",2025-06-02,"Borough-owned parcel. 100% affordable, 20 units. Density 87 du/acre. Eligible for 1:1 bonus credits = 40 total credits. Located just off Broad Avenue in walkable mixed-use neighborhood. No environmental constraints. Construction within 2 years of certification. [src quote: ""The property located at 12 Bellview Place, identified as Block 217, Lot 23, is a municipally controlled parcel of approximately 0.23 acres proposed for development as a Municipally Sponsored/100% affordable housing project. The current plan envisions the construction of 20 income-restricted residential units, resulting in a density of approximately 87 units per acre.""]"
Palisades Park,"550 Bergen Boulevard (Block 416, Lot 3)",550 Bergen Boulevard,416,3,0.31,inclusionary overlay,M-C,,,40,8,20.0,rental,proposed,Dong Nam NY LLC c/o Woo & Assoc. CPA,high,verified,https://library.njcourts.gov/files/civil/affordable-housing/bergen/palisades-park-boro/Segment001of61825PALISADESPARKAdoptedHEFSP.pdf?VersionId=brqpzmPrbzcK23YfmQfVMuzk3RK3elEG,"Table 17, Section (550 Bergen Boulevard)",2025-06-02,"Owner: Dong Nam NY LLC c/o Woo & Assoc. CPA. M-C zone. Four-story residential over structured parking. 40 units total; 8 affordable (20%). Mixed-use area with transit and retail access. UHAC-compliant deed restrictions on all 8 affordable units. [src quote: ""550 Bergen Boulevard (Block 416, Lot 3) – Inclusionary Housing Development Summary. The property located at 550 Bergen Boulevard, designated as Block 416, Lot 3, has a lot area of approximately 0.31 acres ... A residential development is proposed for the site consisting of 40 multi-family dwelling units, of which 8 units (20%) will be designated as affordable housing""]"
Palisades Park,NE Corner 14th Street and East Edsall Avenue (100% Municipally Sponsored),NE corner of 14th Street and East Edsall Avenue,433,"1, 3, 2, 4, 5, 6",2.96,100% affordable,,40 du/acre density (zoning or redevelopment designation),40.0,118,118,100.0,rental,proposed (site assembly in progress; Borough owns Lot 1),Borough of Palisades Park (municipally sponsored),high,verified,https://library.njcourts.gov/files/civil/affordable-housing/bergen/palisades-park-boro/Segment001of61825PALISADESPARKAdoptedHEFSP.pdf?VersionId=brqpzmPrbzcK23YfmQfVMuzk3RK3elEG,"Table 17, Section 3.3.1 (14th Street and East Edsall Avenue site)",2025-06-02,"100% municipally-sponsored affordable development. Borough owns Lot 1; pursuing control of remaining lots (Lots 2, 3, 4, 5, 6) through acquisition or redevelopment designation. Mixed ownership: Borough, Veteramo family, Berkeley Palisades Park (Limestone Hill), So Young Choi. 118 units x 100% affordable x 1:1 bonus = 236 credits. Construction projected within 2 years of certification. LIHTC/AHTF funding planned. Table 17 shows 118 affordable units, 308 bonus credits, 148 total credits (likely capped per formula). [src quote: ""Map No. Block Lot(s) Area (acres) Owner 8 433 1 0.11 Borough of Palisades Park 9 433 3 0.11 Veteramo, Raffaele & Giuseppina 10 433 2, 4, 5 2.686 Berkeley Palisades Park c/o Limestone Hill 11 433 6 0.05 So Young Choi ... As a 100% affordable development, all 118 units would be income-restricted and eligible for bonus credits, resulting in a total of 236 credits toward the Borough's affordable housing obligation under COAH guidelines.""]"
Palisades Park,"125, 129 & 135 Grand Avenue (Block 502, Lots 8-10)","125, 129, and 135 Grand Avenue",502,"8, 9, 10",0.41,inclusionary overlay,AA/AHMUD,AHMUD (Affordable Housing Mixed-Use Development) Overlay,40.0,16,3,20.0,,overlay in place (AHMUD Overlay Zone),Kyungkon Choi (owner),high,verified,https://library.njcourts.gov/files/civil/affordable-housing/bergen/palisades-park-boro/Segment001of61825PALISADESPARKAdoptedHEFSP.pdf?VersionId=brqpzmPrbzcK23YfmQfVMuzk3RK3elEG,"Table 16 (RDP), Table 17, Section (125, 129 & 135 Grand Avenue)",2025-06-02,"Three contiguous lots, single owner (Kyungkon Choi). Within AHMUD Overlay Zone at 40 du/ac. ~16 units; 20% set-aside = 3-4 affordable units. Document uses 'Block 502, Lots 8, 9, and 10' but Table 17 labels it '125, 129, 135 Grand Ave.' with 16 units and 3 credits. Also referred to as 'Block 502 Lots 8, 9 and 10' in the site suitability section which incorrectly cites address as '100 Grand Avenue'— the correct address per the section heading is 125/129/135 Grand Avenue. [src quote: ""125, 129 & 135 Grand Avenue (Block 502, Lots 8, 9, and 10) – Proposed Inclusionary Housing Site. The site consists of three contiguous tax lots located along Grand Avenue and totals approximately 0.41 acres. The properties are identified as Block 502, Lots 8, 9, and 10, and are under the ownership of Kyungkon Choi.""]"
Palisades Park,Route 5 Senior Housing Project,Route 5 (between Route 5 and Palisades Park Junior Senior High School),"724, 725, 726","14, 1, 1",4.59,inclusionary overlay,AA (One and Two Family Residential),Rezoning or redevelopment designation for multi-family age-restricted,,90,18,20.0,rental,proposed (zoning amendment or redevelopment designation pending),,high,verified,https://library.njcourts.gov/files/civil/affordable-housing/bergen/palisades-park-boro/Segment001of61825PALISADESPARKAdoptedHEFSP.pdf?VersionId=brqpzmPrbzcK23YfmQfVMuzk3RK3elEG,"Table 16 (RDP), Table 17 (Fourth Round Compliance), Section 3.3.1",2025-06-02,"Age-restricted (55+) senior housing. Three 4-story buildings of 30 units each. 20% set-aside = 18 affordable. Below-grade parking. Borough-owned and privately-owned parcels. Borough will pursue zoning amendment or area-in-need-of-redevelopment designation. Eligible for age-restricted bonus credits (0.5 per unit, capped at 10% of UHAC units). Combined developable area ~1.4 acres per RDP table. [src quote: ""Block 724 Lot 14 Borough of Palisades Park 0.40 ... Block 725 Lot 1 Borough of Palisades Park 0.42 ... Block 726 Lot 1 Borough of Palisades Park 0.58 ... Route 5 Senior Housing Project 90 [total units] 18 [affordable units] 57 [bonus credits] 23 [total credits]""]"
Paramus,HCC (Highway Commercial Corridor) Overlay Zone (Unmet Need),,,,559.0,inclusionary overlay,HC,HCC,24.0,,2683,17.5,rental,proposed,,high,verified,https://library.njcourts.gov/files/civil/affordable-housing/bergen/paramus-boro/ParamusHEFSP134.pdf?VersionId=9edtu2phSvLS7QKW02t_LKdxUyeyn5RK,Section 4 Unmet Need / HCC Zone,2025-06-25,"Unmet Need mechanism. 559 total acres; 24 du/ac density; 15% rental / 20% for-sale set-aside (average ~17.5%). Approximately 2,683 affordable units capacity if fully built out. No individual block/lot listed in HEFSP for this zone-wide mechanism. [src quote: ""HCC Zone: 559 acres, 24 du/ac, 15%/20% set-aside, ~2,683 affordable capacity""]"
Paramus,Oster/Genesis Paramus,,601,5,,100% affordable,,,,,14,100.0,rental,proposed,,high,verified,https://library.njcourts.gov/files/civil/affordable-housing/bergen/paramus-boro/ParamusHEFSP134.pdf?VersionId=9edtu2phSvLS7QKW02t_LKdxUyeyn5RK,Section 4 Fair Share Plan / RDP sites,2025-06-25,"In negotiation with new developer. Municipality using affordable housing trust funds to fund 100% affordable development. Minimum 14 additional affordable units toward RDP. Not in candidate snapshot — new site identified in HEFSP. [src quote: ""Oster/Genesis Paramus, Block 601 Lot 5, minimum 14 additional affordable units, in negotiation with new developer, municipality using trust funds to make 100% affordable""]"
Paramus,615 Winters Avenue Inclusionary Development,615 Winters Avenue,6203,2,2.75,inclusionary overlay,,,,136,20,,rental,approved,,high,verified,https://library.njcourts.gov/files/civil/affordable-housing/bergen/paramus-boro/ParamusHEFSP134.pdf?VersionId=9edtu2phSvLS7QKW02t_LKdxUyeyn5RK,Section 4 Fair Share Plan / RDP sites,2025-06-25,"Approved Nov 7, 2024. Contributes to VLA RDP. Candidate had '650 Winters Ave' — corrected to 615 Winters Ave. [src quote: ""615 Winters Avenue, Block 6203 Lot 2 (2.75 ac), 136 total units, 20 affordable, approved November 7, 2024""]"
Paramus,West Ridgewood Ave / Paramus Rd Redevelopment,West Ridgewood Avenue / Paramus Road,6701,7,,redevelopment,,,,40,8,,rental,proposed,,high,verified,https://library.njcourts.gov/files/civil/affordable-housing/bergen/paramus-boro/ParamusHEFSP134.pdf?VersionId=9edtu2phSvLS7QKW02t_LKdxUyeyn5RK,Section 4 Fair Share Plan / RDP sites,2025-06-25,"Redevelopment Plan adopted May 20, 2025. 8 affordable family rental units. Candidate had Block 6701 Lots 6 and 7 — corrected to Lot 7 only. [src quote: ""West Ridgewood Ave / Paramus Rd, Block 6701 Lot 7, 40 total units, 8 affordable family, Redev Plan adopted May 20, 2025""]"
Paramus,Nursery Redevelopment Plan (Unmet Need),,"7002, 7701, 7003, 7101, 2701, 2801",1 (Block 7002); 3 (Block 7701); 1 (Block 7003); 4 (Block 7101); 12 (Block 2701); 1 (Block 2801),,redevelopment,,,,,15,,rental,proposed,,high,verified,https://library.njcourts.gov/files/civil/affordable-housing/bergen/paramus-boro/ParamusHEFSP134.pdf?VersionId=9edtu2phSvLS7QKW02t_LKdxUyeyn5RK,Section 4 Unmet Need / Nursery Redev Plan,2025-06-25,"Unmet Need mechanism. Six parcels in Nursery Redevelopment Plan area; approximately 15 remaining affordable units capacity. [src quote: ""Nursery Redev Plan: Block 7002 Lot 1; Block 7701 Lot 3; Block 7003 Lot 1; Block 7101 Lot 4; Block 2701 Lot 12; Block 2801 Lot 1; ~15 remaining affordable units capacity""]"
Park Ridge,NB Neighborhood Zone (Unmet Need),Park Avenue and Broadway corridor (vicinity of train station),,,44.0,inclusionary overlay,NB,,,,87,20.0,rental,adopted-ordinance,,high,verified,https://library.njcourts.gov/files/civil/affordable-housing/bergen/park-ridge-boro/4157.04ParkRidge4thRoundHEFSPADOPTED611258.5x11reducedPart1.pdf?VersionId=bqP7hZohhYHSiTJNiryrGihf.K.U2okK,"Section 4.D.4, p.56-57",2025-06-11,"44-acre Neighborhood Business zone along Park Ave/Broadway near train station; 20% set-aside for mixed-use; anticipated 80-95 additional affordable units (4th Round Unmet Need only). No block/lot specified in HEFSP for this zone-wide mechanism. Established 2010, expanded 2011. [src quote: ""the Borough will continue to maintain the NB Zone – which permits mixed-use development with residential uses above the ground floor with a required 20 percent set-aside for affordable units ... It is anticipated that the NB Zone could yield approximately 80-95 additional affordable units""]"
Park Ridge,AH-1 Affordable Housing Zones (Unmet Need),Hawthorne Avenue / Wampum Road,"1401, 1403, 1602","4, 5, 6 (Block 1401); 1 (Block 1403); 5 (Block 1602)",6.47,inclusionary overlay,AH-1,,12.0,,11,20.0,rental,adopted-ordinance,,high,verified,https://library.njcourts.gov/files/civil/affordable-housing/bergen/park-ridge-boro/4157.04ParkRidge4thRoundHEFSPADOPTED611258.5x11reducedPart1.pdf?VersionId=bqP7hZohhYHSiTJNiryrGihf.K.U2okK,"Section 4.D.3, p.56",2025-06-11,"Unmet Need mechanism; permits up to 12 du/ac, 20% set-aside; anticipated 11-12 additional affordable units above Quail Run (already credited). Block 1401 Lot 5 already developed as Quail Run (4 units counted toward 1st/2nd round). 4.43 ac Hawthorne + 2.04 ac Wampum = 6.47 ac total. [src quote: ""affordable housing zones for a 4.43-acre area along Hawthorne Avenue (comprised of Block 1401 Lots 4, 5 and 6 and Block 1403 Lot 1) and a 2.04-acre area on Wampum Road (comprised of Block 1602 Lot 5). This zoning ... permits townhouses, garden apartments, and multifamily residential up to a density of 12 units per acre with a required 20 percent set-aside""]"
Park Ridge,155 Park Avenue (Park Terrace Apartments addition),155 Park Avenue,1807,5,3.21,inclusionary overlay (density bonus),GA-1,,,16,2,20.0,rental,approved,"Park Ridge Apartments, LLC",high,verified,https://library.njcourts.gov/files/civil/affordable-housing/bergen/park-ridge-boro/4157.04ParkRidge4thRoundHEFSPADOPTED611258.5x11reducedPart1.pdf?VersionId=bqP7hZohhYHSiTJNiryrGihf.K.U2okK,"Section 4.C.14, p.53-54",2025-06-11,"16 new units added to existing Park Terrace Apartments complex; 2 affordable family rental units; approval granted July 12, 2023 by Planning Board; 1-year extension to July 2026 granted. Site within 1/4 mile of Park Ridge Train Station (eligible for transit bonus, not applied). Contributes 2 units to 4th Round RDP. Changed circumstance site — site plan approval post-2018 VLA. [src quote: ""The 155 Park Avenue site is a through-lot with frontage on Park, Highview and Chestnut Avenues. It is identified by Borough tax records as Block 1807 Lot 5 and encompasses an area of approximately 3.21 acres.""]"
Park Ridge,Landmark (Former Sony Site),1 Sony Drive (Brae Boulevard and Sony Drive),301,1,29.9,inclusionary redevelopment,AH-4,,,448,68,15.0,rental,under-construction,"Landmark AR Park Ridge, LLC",high,verified,https://library.njcourts.gov/files/civil/affordable-housing/bergen/park-ridge-boro/4157.04ParkRidge4thRoundHEFSPADOPTED611258.5x11reducedPart1.pdf?VersionId=bqP7hZohhYHSiTJNiryrGihf.K.U2okK,"Section 4.C.13, p.52",2025-06-11,"448 total units (371 MF rental + 77 townhouse rental), 68 affordable family rental units at min 15% set-aside. Board resolution memorialized Jan 11, 2023. Borough assigns 67 units to 3rd Round RDP and 1 unit to 4th Round RDP. Also 22 bonus credits to 3rd Round RDP. Under construction. [src quote: ""The approximately 30-acre property is identified by municipal tax records as Block 301 Lot 1 and was previously developed with the former Sony Electronics, Inc. corporate headquarters.""]"
Ramsey,"Ramsey Housing, Inc. — 13 North Central Avenue",13 North Central Avenue,2308,1,0.34,100% affordable,,,,6,6,100.0,rental,under-construction,"Ramsey Housing, Inc.",high,verified,https://library.njcourts.gov/files/civil/affordable-housing/bergen/ramsey-boro/61825RamseyFourthRoundHEFSPADOPTEDPart1.pdf?VersionId=qNhhlWBsizHu9kSQXWZl9cILgK.S4qFy,Section 4 Fair Share Plan / 4th Round RDP sites,2025-06-18,"6-unit supportive housing for adults with developmental disabilities; 100% affordable. 4 units credited toward 4th Round RDP + 4 bonus credits (special needs/supportive housing). 2 excess units credited toward unmet need. Under construction. [src quote: ""Ramsey Housing, Inc., Block 2308 Lot 1 (13 North Central Avenue, 0.34 ac); 6-unit supportive housing for adults with developmental disabilities; 100% affordable; Under Construction; 4 units toward RDP + 4 bonus credits (special needs); 2 units toward unmet need""]"
Ramsey,1 Constantine Drive Redevelopment Area,1 Constantine Drive (corner of Constantine Drive and Route 17),3603,1,2.8,redevelopment,,,20.0,56,9,15.0,rental,proposed,,high,verified,https://library.njcourts.gov/files/civil/affordable-housing/bergen/ramsey-boro/61825RamseyFourthRoundHEFSPADOPTEDPart1.pdf?VersionId=qNhhlWBsizHu9kSQXWZl9cILgK.S4qFy,Section 4 Fair Share Plan / 4th Round RDP sites,2025-06-18,"Area in Need of Redevelopment designated 2024; Redevelopment Plan introduced May 14, 2025. 20 du/ac; 15% rental set-aside. 56 total units anticipated; 9 affordable family rental; 2 bonus transit credits (within 1/2 mile of Ramsey Route 17 Train Station). Proposed status. [src quote: ""1 Constantine Drive, Block 3603 Lot 1 (corner of Constantine Dr and Route 17, 2.80 ac); Area in Need of Redevelopment designated 2024; Redev Plan introduced May 14, 2025; 20 du/ac, 15% rental/20% for-sale set-aside; 56 total units anticipated, 9 affordable family rental; 2 bonus transit credits (within ½ mile of Ramsey Route 17 Train Station); Proposed""]"
Ramsey,425 Island Road — R-5C Zone,425 Island Road,4201,"5, 6",8.57,inclusionary overlay,R-5C,,8.2,70,14,20.0,sale,adopted-ordinance,,high,verified,https://library.njcourts.gov/files/civil/affordable-housing/bergen/ramsey-boro/61825RamseyFourthRoundHEFSPADOPTEDPart1.pdf?VersionId=qNhhlWBsizHu9kSQXWZl9cILgK.S4qFy,Section 4 Fair Share Plan / 4th Round RDP sites,2025-06-18,"R-5C zone established April 9, 2025 by Ord. 04-2025. Age-restricted (55+); 8.2 du/ac max density; 20% set-aside. 70 total units possible; 14-unit RDP calculation yields 5 units toward 4th Round RDP and 6 excess units toward unmet need. Proposed status. Candidate had R-5B/R-5C/R-5E/R-5F as 4 sites — R-5C is the only actual 4th Round RDP site; R-5B/E/F are 3rd Round unmet need mechanisms. [src quote: ""425 Island Road, Block 4201 Lots 5 and 6 (8.57 acres); R-5C zone established April 9, 2025 (Ord. 04-2025); age-restricted (55+), 8.2 du/ac max, 20% set-aside; 70 total units possible, 14-unit RDP calculation; 5 units toward RDP, 6 units (excess) toward unmet need; Proposed""]"
Ridgefield,TOD-1 Overlay Zone (Transit-Oriented Development),,,,19.269,inclusionary overlay,TOD-1,,25.0,,96,20.0,rental,adopted-ordinance,,high,verified,https://library.njcourts.gov/files/civil/affordable-housing/bergen/ridgefield-boro/RidgefieldHEFSP1.pdf?VersionId=8fMP7N64zBhNgWW2UuINT3j0pmtp.bpt,p. 20 (TOD-1 Overlay Zone section),2025-06-18,"Unmet Need mechanism. 19.269 acres total; 25 du/ac density; 20% mandatory set-aside; capacity of 96 affordable units. No individual block/lot specified in HEFSP. Established in 2024 Master Plan Reexamination replacing prior R-TH/R-SR zones. No units built to date. [src quote: ""The TOD 1 overlay zone consists of 19.269 total acres. The TOD-1 zone is proposed for multifamily residential with a mandatory 20% affordable housing set-aside at a density of 25 du/ac. The TOD-1 zone can produce a total of 96 affordable units. 2025 update: No units have been built in the TOD-1 zone to date.""]"
Ridgefield,Block 2801 Lot 1 — Former Borough Municipal Building (V&R Developers),Grand Avenue / Hillside Street (former Borough Municipal Building),2801,1,0.7,redevelopment,,,45.71,32,5,15.0,rental,proposed,V&R Developers,high,verified,https://library.njcourts.gov/files/civil/affordable-housing/bergen/ridgefield-boro/RidgefieldHEFSP1.pdf?VersionId=8fMP7N64zBhNgWW2UuINT3j0pmtp.bpt,"pp. 18-19 (Block 2801, Lot 1 section)",2025-06-18,"0.7 acres; 32 total units (27 market + 3 family affordable + 2 supportive affordable). 5 affordable units toward combined RDP for both sites. Borough selling property to V&R Developers. Site previously rezoned as part of Redevelopment Plan, modified to reflect described development. Developer agreement in place as of 2025. Not in candidate snapshot — new site identified in HEFSP. [src quote: ""Block 2801, Lot 1 is a .7-acre site that contains the former Borough Municipal Building. This site will be sold to V&R Developers for construction of a market-rate and affordable housing development. A total of 32 units are proposed, including three (3) family affordable units, two (2) supportive affordable housing units, and twenty-seven (27) market rate units. This site will provide 5 units of affordable housing to meet the total RDP for both this site and Block 401, Lots 1 &2.""]"
Ridgefield,Block 401 Lots 1 & 2 — V&R Developers Inclusionary (Group Home + MF),Grand Avenue (adjacent to childcare center),401,"1, 2",0.822,inclusionary redevelopment,,,27.98,24,7,15.0,rental,proposed,V&R Developers,high,verified,https://library.njcourts.gov/files/civil/affordable-housing/bergen/ridgefield-boro/RidgefieldHEFSP1.pdf?VersionId=8fMP7N64zBhNgWW2UuINT3j0pmtp.bpt,pp. 16-17 (Block 401 Lots 1 & 2 section),2025-06-18,"0.822 total acres; 0.666 usable acres for 21-unit MF portion + 0.156 acres for group home subdivision. 23 MF units + 1 group home = 24 total. 7 affordable: 4 group home bedrooms (Bergen County United Way) + 2 supportive housing + 1 family unit. 3 of the 7 count toward combined RDP with Block 2801. Developer agreement in place as of 2025. $153,071.10 affordable housing trust fund pledged to NJ Housing and Finance Agency for group home. [src quote: ""Block 401, Lots 1 & 2 had been acquired by V&R Developers. A total of 23 units are proposed for this site, plus one group home. ... The total number of affordable units on this site is 4 group home bedrooms + 2 supportive housing + 1 family unit = 7 affordable housing units. Three (3) of the affordable housing units are allocated to meet the total RDP for both this site and Block 2801, Lot 1.""]"
Ridgefield Park,9-13 Lincoln Avenue (Challenger Road Redevelopment District),9-13 Lincoln Avenue,,,,redevelopment,,,,,4,,rental,completed,,high,verified,https://library.njcourts.gov/files/civil/affordable-housing/bergen/ridgefield-park-village/62325RidgefieldParkRd4HEFSPforProgramreviewPart1.pdf?VersionId=BGW5gJ8uWYGrD2nDVrR6obzRYpao95T8,pp. 12-13 (Prior Third Round Plan section),2025-06-23,"3rd Round project now complete. 4 affordable units (2x1BR, 2x2BR); 30-year deed restrictions filed. One 3-BR unit was transferred to 60 Challenger Road project per agreement. Block/lot not stated in HEFSP for this site. [src quote: ""The 9-13 Lincoln Avenue development was constructed and now provides four affordable units, two one-bedroom and two two-bedroom units. ... The deed restrictions for the four affordable units (30 years) have been filed and are included in appendix XIV.""]"
Ridgefield Park,95 Challenger Road (Challenger Road Redevelopment District),95 Challenger Road,,,,redevelopment,,,,216,22,,rental,approved,,high,verified,https://library.njcourts.gov/files/civil/affordable-housing/bergen/ridgefield-park-village/62325RidgefieldParkRd4HEFSPforProgramreviewPart1.pdf?VersionId=BGW5gJ8uWYGrD2nDVrR6obzRYpao95T8,pp. 13 (Prior Third Round Plan section),2025-06-23,"3rd Round project. ~216 total units. 22 affordable units; 30-year deed restrictions. Application for footing/foundation permits filed. Construction likely 2025/2026. Block/lot not stated in HEFSP for this site. [src quote: ""The project at 95 Challenger Road is most likely to begin construction this year (2025). The project will result in 22 affordable units with a 30-year deed restriction for the rental units, as it was previously approved prior to the imposition of the Court's new Uniform Housing Affordability Controls ('UHAC'). An application has been made to the Village for footing and foundation permits.""]"
Ridgefield Park,64 Challenger Road (Challenger Road Redevelopment District),64 Challenger Road,,,,redevelopment,,,,600,60,10.0,rental,approved,,high,verified,https://library.njcourts.gov/files/civil/affordable-housing/bergen/ridgefield-park-village/62325RidgefieldParkRd4HEFSPforProgramreviewPart1.pdf?VersionId=BGW5gJ8uWYGrD2nDVrR6obzRYpao95T8,pp. 13 (Prior Third Round Plan section),2025-06-23,"3rd Round project. 600 total units in two phases; 60 affordable (10% set-aside); 30-year deed restrictions. NJDEP remediation required (existing landfill). Village anticipates construction 2028-2029. Block/lot not stated in HEFSP. [src quote: ""The project at 64 Challenger Road is likely to follow 95 Challenger Road. The project requires NJDEP permitting and remediation for an existing landfill on the property. ... The development proposes 600 residential units in two phases with 60 affordable units. These units will also be subject to a 30-year deed restriction.""]"
Ridgefield Park,"Samsung Building, 85 Challenger Road (Challenger Road overlay)",85 Challenger Road,24.03,3.01,6.3,inclusionary overlay,,,,250,50,20.0,rental,proposed,,high,verified,https://library.njcourts.gov/files/civil/affordable-housing/bergen/ridgefield-park-village/62325RidgefieldParkRd4HEFSPforProgramreviewPart1.pdf?VersionId=BGW5gJ8uWYGrD2nDVrR6obzRYpao95T8,p. 18 (Other Affordable Housing Locations section),2025-06-23,"Note: header says 30 units but body text says 50 units at 20% of 250. Table 19 in distribution section also shows 30 units for Samsung — this appears to be a reduced estimate used in the distribution table; maximum potential is 50 at 20% of 250. Adaptive reuse via overlay zoning or Challenger Road Redevelopment Plan amendment. Current Samsung tenant vacating. [src quote: ""Samsung Building, 85 Challenger Road (Block 24.03 Lot 3.01) - 30 units. This site is located in the Challenger Road Office/Residential Park along Overpeck Creek. ... The site is 6.3 acres in size and has an 8-story building with internal parking. The total building square footage is approximately 309,000 square feet. A conversion to residential apartments would yield approximately 250 units. A 20% affordable housing set aside would result in 50 affordable units on the site.""]"
Ridgefield Park,"AMC Theatre, 75 Challenger Road (Challenger Road overlay)",75 Challenger Road,24.03,3.02,2.9,inclusionary overlay,,,,140,28,20.0,rental,proposed,,high,verified,https://library.njcourts.gov/files/civil/affordable-housing/bergen/ridgefield-park-village/62325RidgefieldParkRd4HEFSPforProgramreviewPart1.pdf?VersionId=BGW5gJ8uWYGrD2nDVrR6obzRYpao95T8,pp. 18-19 (Other Affordable Housing Locations section),2025-06-23,"Movie theatre complex; 2.9 acres; 140 residential units possible; 28 affordable at 20% set-aside. Challenger Road Redevelopment Plan amendment required. [src quote: ""American Multi-Cenema, 75 Challenger Road (Block 24.03 Lot 3.02) – 28 units. The site currently contains a movie theatre complex with off-street parking on an adjacent lot. The property is 2.9 acres in size and can accommodate a total of 140 residential units ... A 20% affordable housing set aside would result in 28 affordable units on the site. A redevelopment amendment will be necessary to effectuate the housing development on this site.""]"
Ridgefield Park,60 Challenger Road (Challenger Road Redevelopment District),60 Challenger Road,24.04,1,,redevelopment,,,,552,57,,rental,approved,,high,verified,https://library.njcourts.gov/files/civil/affordable-housing/bergen/ridgefield-park-village/62325RidgefieldParkRd4HEFSPforProgramreviewPart1.pdf?VersionId=BGW5gJ8uWYGrD2nDVrR6obzRYpao95T8,pp. 13-14 (Prior Third Round Plan section),2025-06-23,"3rd Round project. 552 total units; 56 affordable + 1 transferred 3-BR from Lincoln Avenue = 57 affordable total. Site plan approvals extended to 2026. Block 24.04 Lot 1 identified in VLA analysis appendix. Scheduled for construction 2031-2033. [src quote: ""The project at 60 Challenger Road was approved for 552 residential units in 2020. The Village Planning Board has granted an extension of the site plan approvals to 2026. The project will provide 56 affordable units and the addition of one three-bedroom unit from the 9-13 Lincoln project.""]"
Ridgefield Park,36 Mt. Vernon Street (Mt. Vernon Street Redevelopment Area),36 Mt. Vernon Street,63,"20, 21, 22, 23",,redevelopment,C-1H Central Business Historic Zone,,,28,0,,rental,approved,,high,verified,https://library.njcourts.gov/files/civil/affordable-housing/bergen/ridgefield-park-village/62325RidgefieldParkRd4HEFSPforProgramreviewPart1.pdf?VersionId=BGW5gJ8uWYGrD2nDVrR6obzRYpao95T8,pp. 16-17 (Mt. Vernon Street Redevelopment Plan section),2025-06-23,"4 lots; site plan approval already granted; required trust fund payment only (no affordable unit construction required per existing approval). 0 affordable credits. Could be revised if redeveloper amends plan. 28 residential units + retail. [src quote: ""36 Mt. Vernon Street (Block 63 Lots 20 – 23) – 0 units. ... This parcel has site plan approval for retail shops and parking on the ground floor and 28 residential units on the upper floors. At the time of approval, the applicant was required to make payments to the Village Affordable Housing Trust Fund and not required to construct affordable units. ... no affordable credits have been taken at this time.""]"
Ridgefield Park,30 Mt. Vernon Street (Mt. Vernon Street Redevelopment Area),30 Mt. Vernon Street (intersection of Mt. Vernon Street and Lincoln Avenue),64,12,0.25,redevelopment,,,,40,6,15.0,rental,proposed,,high,verified,https://library.njcourts.gov/files/civil/affordable-housing/bergen/ridgefield-park-village/62325RidgefieldParkRd4HEFSPforProgramreviewPart1.pdf?VersionId=BGW5gJ8uWYGrD2nDVrR6obzRYpao95T8,p. 16 (Mt. Vernon Street Redevelopment Plan section),2025-06-23,"4th Round Mt. Vernon Street Redevelopment Area site. Mixed-use retail + 40 residential units; 6 affordable at 15% set-aside. No rezoning required. Concept plan only — no formal application filed. [src quote: ""30 Mt. Vernon Street (Block 64 Lot 12) – 6 units. This property lies at the intersection of Mt. Vernon Street and Lincoln Avenue (Block 64 Lot 12). It is 0.25 acres in size and is currently used for off-street parking. There is a concept plan being developed by the property owners to redevelop the site with retail and parking together with 40 residential units. If this number of units is realized, 6 affordable housing units would become available.""]"
Ridgefield Park,Disability Association of New Jersey (Mt. Vernon Street Redevelopment Area),Mt. Vernon Street (adjacent to 30 Mt. Vernon Street),64,"4, 15, 16",0.5,redevelopment,,,,50,7,15.0,rental,proposed,Disability Association of New Jersey,high,verified,https://library.njcourts.gov/files/civil/affordable-housing/bergen/ridgefield-park-village/62325RidgefieldParkRd4HEFSPforProgramreviewPart1.pdf?VersionId=BGW5gJ8uWYGrD2nDVrR6obzRYpao95T8,pp. 17 (Mt. Vernon Street Redevelopment Plan section),2025-06-23,"Note: HEFSP title says 'Block 64 Lots 4, 15, 16' but the body text reads 'Block 64 Lots 14, 15 and 16' — likely a typo in the heading; Lots 14/15/16 per body text. Owned by non-profit; currently used to park transportation vans. Mixed-use retail/residential, 4 stories, 45-50 residential units possible; minimum 7 affordable at 15% set-aside. No rezoning required. No current development plan. [src quote: ""Disability Association of New Jersey (Block 64 Lots 4, 15, 16) - 7 units. This property is located along Mt. Vernon Street adjacent to 30 Mt. Vernon Street Block 64 Lots 14, 15 and 16). It is approximately 0.5 acres and has 200 feet of frontage along Mt. Vernon Street.""]"
Ridgefield Park,TD Bank Building (Mt. Vernon Street area),Main Street (northern edge of downtown),75,"5.01, 8",,inclusionary overlay,C-1H,,,25,3,,rental,proposed,,high,verified,https://library.njcourts.gov/files/civil/affordable-housing/bergen/ridgefield-park-village/62325RidgefieldParkRd4HEFSPforProgramreviewPart1.pdf?VersionId=BGW5gJ8uWYGrD2nDVrR6obzRYpao95T8,p. 19 (Other Affordable Housing Locations section),2025-06-23,"Vacant 4-story bank building; C-1H zone permits residential above retail. 20-25 total apartments; 3 affordable. Adaptive reuse — no rezoning required. [src quote: ""TD Bank Bldg. (Block 75 Lots 5.01, 8) - 3 units. The TD bank building is located on Main Street at the northern edge of the downtown district (Block 75 Lots 5.01 and 8). The building was the principal four-story office for the bank but is now vacant. ... Approximately 20-25 apartments are possible with 3 affordable units. This development would be an adaptive reuse of the existing building.""]"
Ridgefield Park,78 Mt. Vernon Street,"78 Mt. Vernon Street (north side, east of Main Street)",80,23,,inclusionary overlay,C-1H,,,7,1,,rental,approved,,high,verified,https://library.njcourts.gov/files/civil/affordable-housing/bergen/ridgefield-park-village/62325RidgefieldParkRd4HEFSPforProgramreviewPart1.pdf?VersionId=BGW5gJ8uWYGrD2nDVrR6obzRYpao95T8,p. 19 (Other Affordable Housing Locations section),2025-06-23,"Office building conversion approved in 2022; 7 total residential units; 1 affordable (2-BR). Approvals still in effect. No construction commenced. 4th Round credit. No rezoning required. [src quote: ""78 Mt. Vernon St. (Block 80 Lot 23) - 1 unit. This site is located along the north side of Mt. Vernon Street east of Main Street. (Block 80 Lot 23). The site contains an office building which was approved in 2022 to be converted to office space and 7 residential units in the C-1H zoning district. One of the residential units was designated as an affordable unit (2 bedroom). This site was not included in the Third Round Housing Plan and is now credited to the Fourth-Round obligation. No construction has commenced on the site to date, but approvals are still in effect and final plans are prepared.""]"
Ridgefield Park,Lincoln Court (Mt. Vernon Street Redevelopment Area),Lincoln Avenue / Spruce / Hobart Streets,86,1,,redevelopment,,,,70,14,20.0,rental,proposed,,high,verified,https://library.njcourts.gov/files/civil/affordable-housing/bergen/ridgefield-park-village/62325RidgefieldParkRd4HEFSPforProgramreviewPart1.pdf?VersionId=BGW5gJ8uWYGrD2nDVrR6obzRYpao95T8,p. 17 (Mt. Vernon Street Redevelopment Plan section),2025-06-23,"Current 22 duplex units built 1956 (Block 86 Lot 11). Redevelopment to 4-story multi-family; up to 70 total units, minimum 14 affordable (~20% set-aside). No rezoning required. [src quote: ""Lincoln Court (Block 86 Lot 1) - 14 units. This property fronts on Lincoln Avenue, Spruce and Hobart Streets and currently has 22 duplex residential units on the site that were built in 1956 (Block 86 Lot 11). The redevelopment plan would permit multi-family residential development up to 4 stories in height. This could potentially yield up to 70 market units resulting in a minimum of 14 affordable residential units. No rezoning is required.""]"
Ridgefield Park,Elks Club (Mt. Vernon Street Redevelopment Area),Spruce and Cedar Streets,96,1,1.0,redevelopment,R-4,,,80,16,20.0,rental,proposed,,high,verified,https://library.njcourts.gov/files/civil/affordable-housing/bergen/ridgefield-park-village/62325RidgefieldParkRd4HEFSPforProgramreviewPart1.pdf?VersionId=BGW5gJ8uWYGrD2nDVrR6obzRYpao95T8,pp. 17-18 (Mt. Vernon Street Redevelopment Plan section),2025-06-23,"R-4 zone (multi-family, 7-story permitted); 1 acre; ~80 total units, minimum 16 affordable (20% set-aside). Mt. Vernon Street Redevelopment Plan amendment required to include this property. Backs to railroad; Cedar Street multi-family across street. [src quote: ""Elks Club (Block 96 Lot 1) – 16 units. The Elks Club property is located on Spruce and Cedar Streets (Block 96 Lot 1). It is 1 acre in size and presently has the organization's building and parking lot. ... R-4 zone criteria would result in approximately 80 multi-family units on the site of which a minimum of 16 units would be affordable. The Mt. Vernon Street Redevelopment Plan will be amended to include this property.""]"
Ridgewood,Chestnut Street C-R-1 Inclusionary District (4th Round Unmet Need),Chestnut Street,,,4.18,inclusionary overlay,C / C-R,C-R-1,30.0,,25,20.0,rental,proposed,,high,verified,https://library.njcourts.gov/files/civil/affordable-housing/bergen/ridgewood-village/4thRoundAdoptedHousingPlan.pdf?VersionId=qJM0rLzgMeq5v63LgSsE6x80xC6CVTy5,pp. 27-28 (Chestnut Street section),2025-06-23,"Unmet Need (4th Round). New C-R-1 district on ~4.18 acres of Chestnut Street properties; 30 du/ac, 20% set-aside; anticipated 25 affordable homes. Includes 176 Chestnut Street (Block 2005 Lot 2). No individual block/lot listed in HEFSP for zone boundary. [src quote: ""The Village will create the C-R-1 district, which is a modified version of the adjacent C-R district to several properties along Chestnut Street totaling approximately 4.2 acres. This district will permit mixed use inclusionary development at a density of 30 du/ac and a set-aside of 20%.""]"
Ridgewood,"Downtown B1 & B2 Districts (modified, 4th Round Unmet Need)",Franklin Avenue downtown district,,,78.25,inclusionary overlay,B-1/B-2,,20.0,,313,20.0,rental,adopted-ordinance,,high,verified,https://library.njcourts.gov/files/civil/affordable-housing/bergen/ridgewood-village/4thRoundAdoptedHousingPlan.pdf?VersionId=qJM0rLzgMeq5v63LgSsE6x80xC6CVTy5,p. 28-29 (Downtown B1 & B2 Districts section) and Unmet Need table p. 29,2025-06-23,"Unmet Need (4th Round). 78.25-acre B-1/B-2 downtown district; density increased from 18 to 20 du/ac; set-aside increased to 20% for rental (from 15%). 313 total anticipated affordable homes (211 attributable to 3rd Round; 102 new in 4th Round). Largest unmet need capacity. [src quote: ""The Village will modify this third round inclusionary strategy applying to 78.25 acres to better promote affordable housing. The permitted density will increase from 18 du/ac to 20 du/ac and the affordable housing set-aside will be 20% for rental and sale affordable homes (an increase from 15% for rental homes).""]"
Ridgewood,Two-Forty Associates (4th Round RDP credit),150-174 Chestnut Street,2005,3,1.246,inclusionary redevelopment,,,,42,7,,rental,completed,,high,verified,https://library.njcourts.gov/files/civil/affordable-housing/bergen/ridgewood-village/4thRoundAdoptedHousingPlan.pdf?VersionId=qJM0rLzgMeq5v63LgSsE6x80xC6CVTy5,pp. 25-26 (Two-Forty Associates section),2025-06-23,"35 market + 7 affordable family rental = 42 total. All 7 affordable credits applied to 4th Round RDP. Site plan approval April 4, 2017 (Resolution June 20, 2017). 30-year affordability controls. Near downtown/train station. Constructed. [src quote: ""This inclusionary zoning site is a 1.246 acre vacant parcel located at 150-174 Chestnut street, Block 2005, Lot 3, which intersects with Robinson Lane. ... Thirty-five (35) market rate multi-family rental homes and seven (7) affordable multi-family rental homes are constructed on the site for a total of forty-two (42) homes.""]"
Ridgewood,299 Goffle Road — TO-1 Townhouse Overlay (4th Round RDP generation site),299 Goffle Road,2507,187.01,1.62,inclusionary overlay,,TO-1 Townhouse Overlay,13.0,,4,20.0,rental,proposed,,high,verified,https://library.njcourts.gov/files/civil/affordable-housing/bergen/ridgewood-village/4thRoundAdoptedHousingPlan.pdf?VersionId=qJM0rLzgMeq5v63LgSsE6x80xC6CVTy5,"pp. 24, 28 (4th Round RDP Calculation / 299 Goffle Road sections)",2025-06-23,"4th Round RDP generation site (oversized SFH lot now offered for inclusionary development). TO-1 Townhouse Overlay: 13 du/ac, 20% set-aside, townhouses/stacked townhouses/limited SFD. Generates 4.21 RDP units, rounded to 4. Also counts as 4 affordable units in 4th Round Unmet Need table. Proposed. [src quote: ""299 Goffle Road Block 2507, Lot 187.01 1.62 ac. 1.62 ac. 13 4.21 ... This 1.62 acre property is the subject of a new district, the TO-1 Townhouse Overlay district that predominantly permits townhouses.""]"
Ridgewood,"Valley Hospital Campus Redevelopment (3rd Round Unmet Need, ongoing)",223 North Van Dien Avenue,3301,51,,redevelopment,H zone overlay,,13.0,,40,,rental,adopted-ordinance,,high,verified,https://library.njcourts.gov/files/civil/affordable-housing/bergen/ridgewood-village/4thRoundAdoptedHousingPlan.pdf?VersionId=qJM0rLzgMeq5v63LgSsE6x80xC6CVTy5,p. 24-25 (Valley Hospital Campus section),2025-06-23,"3rd Round Unmet Need strategy carried into 4th Round. Hospital has vacated; medical uses remain during reuse/redevelopment. 13 du/ac; minimum 40 family rental affordable homes. No changes proposed; Village finds zoning remains appropriate. No units yielded to date. [src quote: ""A redevelopment plan was adopted for the site located at 223 North Van Dien Avenue, Block 3301 Lot 51, in the H zone. The redevelopment plan, which is an overlay to the H district, permits inclusionary housing at a density of 13 du/ac, with not less than 40 family rental affordable homes.""]"
Ridgewood,Kensington Assisted Living (4th Round Unmet Need),"Corners of North Maple, Franklin Avenue and Marshall Street",3611,"1, 19, 22",1.25,inclusionary overlay,B-2,,,125,12,10.0,rental,proposed,,high,verified,https://library.njcourts.gov/files/civil/affordable-housing/bergen/ridgewood-village/4thRoundAdoptedHousingPlan.pdf?VersionId=qJM0rLzgMeq5v63LgSsE6x80xC6CVTy5,pp. 27 (Kensington section),2025-06-23,"Unmet Need. ~125 assisted living beds; 10% affordable = approximately 12 affordable beds. Senior/age-restricted non-family rental. B-2 zone permits mixed-use inclusionary development. Proposed assisted living facility. 40-year affordability controls required. [src quote: ""Kensington strategy applies to a 1.25 acre tract at the corners of North Maple, Franklin Avenue and Marshall Street (Block 3611, Lots 1, 19, 22). Office uses currently occupy the property and it is within the B-2 district, which permits mixed-use inclusionary development. ... The assisted living will restrict not less than 10% of the beds for low and moderate income households ... approximately 125 assisted living beds.""]"
Ridgewood,The Enclave (4th Round RDP credit),257 Ridgewood Avenue,3703,"4, 6, 8.01",1.37,inclusionary redevelopment,,,,40,6,15.0,rental,completed,,high,verified,https://library.njcourts.gov/files/civil/affordable-housing/bergen/ridgewood-village/4thRoundAdoptedHousingPlan.pdf?VersionId=qJM0rLzgMeq5v63LgSsE6x80xC6CVTy5,pp. 18-19 (The Enclave section),2025-06-23,"32 market + 8 special needs group home bedrooms. 15 bedrooms total in special needs homes. 1 of 6 affordable credits applied to 4th Round RDP; remaining 5 applied to 3rd Round RDP. Constructed. Former Sealfons/Hallmark site. KS Broad site (Block 2005 Lots 11-15) also received set-aside via agreement with The Enclave. [src quote: ""This development, located at 257 Ridgewood Avenue on Block 3703, Lots 4,6, and 8.01, redeveloped commercial uses. ... Thirty-two (32) market rate multi-family homes and eight (8) homes of special needs housing, consisting of not less than 15 bedrooms, exist on the site.""]"
Ridgewood,Ridgewood Dayton (4th Round RDP credit),100-152 South Broad Street,"3707, 3905",5.01 (Block 3707); 1.01 (Block 3905),2.67,inclusionary redevelopment,,,,93,14,,rental,completed,,high,verified,https://library.njcourts.gov/files/civil/affordable-housing/bergen/ridgewood-village/4thRoundAdoptedHousingPlan.pdf?VersionId=qJM0rLzgMeq5v63LgSsE6x80xC6CVTy5,pp. 19-20 (Ridgewood Dayton section),2025-06-23,"79 market + 14 affordable family rental = 93 total. 7 of 14 affordable credits applied to 4th Round RDP + 1 transit/redevelopment bonus credit = 8 credits. 7 of 14 applied to 3rd Round RDP. Former Brogan Cadillac site; eligible for bonus credit as former car dealership. Constructed. [src quote: ""This inclusionary zoning site was a vacant lot, formerly the site of Brogan Cadillac, located at Block 3707, Lot 5.01, and Block 3905, Lot 1.01. It consists of 2.67 acres at 100-152 South Broad Street, which intersects with Essex Street and Leroy Place. ... Seventy-nine (79) market rate multi-family rental homes and 14 affordable multi-family rental homes exist on the site.""]"
Ridgewood,"AH-3 District (3rd Round Unmet Need, ongoing)",Ridge Road,4704,"6.01, 7.04, 15",5.4,inclusionary overlay,AH-3,,18.0,,,15.0,rental,adopted-ordinance,,high,verified,https://library.njcourts.gov/files/civil/affordable-housing/bergen/ridgewood-village/4thRoundAdoptedHousingPlan.pdf?VersionId=qJM0rLzgMeq5v63LgSsE6x80xC6CVTy5,p. 23 (AH-3 District section),2025-06-23,"3rd Round Unmet Need, 5.40 acres; graduated density (14 du/ac for lots ≤0.50 ac, 16 for 0.51-1.25 ac, 18 for ≥1.26 ac); 15%/20% set-aside (rental/sale). No units yielded. Village finds zoning remains appropriate. [src quote: ""This 5.40 acre area creates a new mixed-use Affordable Housing District along Ridge Road. The zoning in the district on Block 4704, Lots 6.01, 7.04, and 15 permits inclusionary housing at a graduated maximum density of 14-18 du/ac and an affordable housing set-aside of 15% where the homes are for rent and 20% where the homes are for sale.""]"
River Edge,Mandatory Affordable Housing Set-Aside Ordinance (borough-wide),,,,,mandatory set-aside ordinance,,,,,,20.0,,"adopted (Ord. 20-09, amended 20-12)",,high,verified,https://library.njcourts.gov/files/civil/affordable-housing/bergen/river-edge-boro/62725RiverEdgeHousingElementFairSharePlanAdopted06252025Part1.pdf?VersionId=vA_9Fvs_gn.PHErVzivt2Rkj3fQUK5m4,Section 4.3 / Fair Share Plan,2025-06-25,"Borough-wide mandatory set-aside: 20% for-sale, 15% rental, for any development of 5+ units. No specific block/lot applicable. [src quote: ""Mandatory Affordable Housing Set-Aside Ordinance — borough-wide, Ord. 20-09 (amended 20-12), 20% for-sale / 15% rental for 5+ unit developments""]"
River Edge,Group Home – New Concepts for Living,11 June Court,1004,18,,group home (prior round credit),,,,5,5,100.0,rental,completed,New Concepts for Living,high,verified,https://library.njcourts.gov/files/civil/affordable-housing/bergen/river-edge-boro/62725RiverEdgeHousingElementFairSharePlanAdopted06252025Part1.pdf?VersionId=vA_9Fvs_gn.PHErVzivt2Rkj3fQUK5m4,Section 4.3 / Fair Share Plan,2025-06-25,"5-bedroom group home; prior round credit applied to 4th Round. [src quote: ""New Concepts for Living — Block 1004, Lot 18, 11 June Court, 5 beds""]"
River Edge,Multifamily and Senior Conditional Use District (MSCUD / New Bridge Crossing),,"1005, 1302",1005 Lots 6.01–12; 1302 Lots 1 and partial,,inclusionary conditional use,,MSCUD,37.5,,,15.0,rental,adopted,New Bridge Crossing,high,verified,https://library.njcourts.gov/files/civil/affordable-housing/bergen/river-edge-boro/62725RiverEdgeHousingElementFairSharePlanAdopted06252025Part1.pdf?VersionId=vA_9Fvs_gn.PHErVzivt2Rkj3fQUK5m4,Section 4.3 / Fair Share Plan,2025-06-25,"37.5 du/ac max density; 15% rental set-aside, 20% for-sale set-aside. New Bridge Crossing is an active development in this district. [src quote: ""Multifamily and Senior Conditional Use District — Block 1005 Lots 6.01–12 and Block 1302 Lots 1 ... 37.5 du/ac, 15% rental / 20% for-sale set-aside""]"
River Edge,Group Home – Community Options,200 Zabriskie Place,1208,7,,group home (prior round credit),,,,3,3,100.0,rental,completed,Community Options,high,verified,https://library.njcourts.gov/files/civil/affordable-housing/bergen/river-edge-boro/62725RiverEdgeHousingElementFairSharePlanAdopted06252025Part1.pdf?VersionId=vA_9Fvs_gn.PHErVzivt2Rkj3fQUK5m4,Section 4.3 / Fair Share Plan,2025-06-25,"3-bedroom group home; prior round credit applied to 4th Round. [src quote: ""Community Options — Block 1208, Lot 7, 200 Zabriskie Place, 3 beds""]"
River Edge,AH-1 New Bridge Road Affordable Housing Overlay Zone,New Bridge Road,1303,"3, 4, 5",2.9,inclusionary overlay,B-2,AH-1 Overlay,20.0,,,20.0,,adopted July 2020 (Ord. 20-10),,high,verified,https://library.njcourts.gov/files/civil/affordable-housing/bergen/river-edge-boro/62725RiverEdgeHousingElementFairSharePlanAdopted06252025Part1.pdf?VersionId=vA_9Fvs_gn.PHErVzivt2Rkj3fQUK5m4,Section 4.3 / Fair Share Plan,2025-06-25,"Mixed-use: nonresidential ground floor, residential above. Ordinance 20-10 adopted July 2020. [src quote: ""AH-1 New Bridge Road Affordable Housing Overlay Zone — Block 1303 Lots 3, 4 and 5 — ~2.5–3.3 ac, 20 du/ac, 20% affordable set-aside, Ord. 20-10 adopted July 2020""]"
River Edge,New Bridge Landing Station Redevelopment Area,,"1411, 1412","1411 Lots 1.01 & 1.02; 1412 Lots 1, 2 & 3",3.17,redevelopment (inclusionary),,New Bridge Landing Redevelopment Zone,25.0,,,20.0,rental,adopted November 2020,,high,verified,https://library.njcourts.gov/files/civil/affordable-housing/bergen/river-edge-boro/62725RiverEdgeHousingElementFairSharePlanAdopted06252025Part1.pdf?VersionId=vA_9Fvs_gn.PHErVzivt2Rkj3fQUK5m4,Section 4.3 / Fair Share Plan,2025-06-25,"Publicly owned NJ Transit + Borough lots. Total unit yield depends on buildout. Redevelopment plan adopted November 2020. [src quote: ""New Bridge Landing Station Redevelopment Area — Block 1411 Lots 1.01 & 1.02, Block 1412 Lots 1, 2 & 3 — 3.17 ac total, 25 du/ac max, 20% affordable set-aside, adopted Nov 2020""]"
River Edge,Kinderkamack Road Redevelopment Area,,1413,"1, 2.01, 5",0.59,redevelopment (inclusionary),,Kinderkamack Road Redevelopment Zone,20.0,,,20.0,,adopted November 2020,,high,verified,https://library.njcourts.gov/files/civil/affordable-housing/bergen/river-edge-boro/62725RiverEdgeHousingElementFairSharePlanAdopted06252025Part1.pdf?VersionId=vA_9Fvs_gn.PHErVzivt2Rkj3fQUK5m4,Section 4.3 / Fair Share Plan,2025-06-25,"Privately owned lots. Redevelopment plan adopted November 2020. [src quote: ""Kinderkamack Road Redevelopment Area — Block 1413 Lots 1, 2.01 (& 4), 5 — 0.59 ac total, 20 du/ac max, 20% affordable set-aside, adopted Nov 2020""]"
River Edge,Senior Residence at St. Peter the Apostle,415 Fifth Avenue,701,19.01,,100% affordable age-restricted rental (prior round credit/surplus),,,,23,5,,rental,completed,,high,verified,https://library.njcourts.gov/files/civil/affordable-housing/bergen/river-edge-boro/62725RiverEdgeHousingElementFairSharePlanAdopted06252025Part1.pdf?VersionId=vA_9Fvs_gn.PHErVzivt2Rkj3fQUK5m4,Section 4.3 / Fair Share Plan,2025-06-25,"23-unit senior rental; only 5 credits applied to 4th Round (surplus from prior rounds); age-restricted completed facility. [src quote: ""Senior Residence at St. Peter the Apostle ... Block 701, Lot 19.01, 415 Fifth Avenue ... 23 total senior units ... 5 surplus credits for the Fourth Round""]"
River Edge,Group Home – EIHAB Human Services,328 Valley Road,905,19,,group home (prior round credit),,,,4,4,100.0,rental,completed,EIHAB Human Services,high,verified,https://library.njcourts.gov/files/civil/affordable-housing/bergen/river-edge-boro/62725RiverEdgeHousingElementFairSharePlanAdopted06252025Part1.pdf?VersionId=vA_9Fvs_gn.PHErVzivt2Rkj3fQUK5m4,Section 4.3 / Fair Share Plan,2025-06-25,"4-bedroom group home; prior round credit applied to 4th Round. [src quote: ""EIHAB Human Services — Block 905, Lot 19, 328 Valley Road, 4 beds""]"
River Vale,Downtown 'Four Corners' OL Zone Overlay – 215 River Vale Road (Westcott Properties),215 River Vale Road,1716,"1.01, 1, 6",,inclusionary overlay (OL-1/OL-2 subzones),,OL-1 Overlay,,8,2,20.0,,adopted 2025,Westcott Properties,high,verified,https://library.njcourts.gov/files/civil/affordable-housing/bergen/river-vale-twp/FourthRoundPlan.pdf?VersionId=RHVYB6JlmV2iDGuRoxoO_M6ALGbw_pzP,Section 4 / Fair Share Plan – Fourth Round Sites,2025-06-23,"Part of 4.61-acre OL Zone (OL-1/OL-2); mixed-use ground floor commercial/residential above. 8 total units, 2 affordable (20%). Contributes to unmet need. [src quote: ""Downtown 'Four Corners' OL Zone Overlay — Block 1716 Lots 1.01, 1 & 6 ... OL-1 subzone — Westcott Properties 215 River Vale Road — 8 units, 2 affordable (20% set-aside)""]"
River Vale,Downtown 'Four Corners' OL Zone Overlay – 233 & 237 River Vale Road (Westcott Properties),233 & 237 River Vale Road,1801,"20, 21, 22",,inclusionary overlay (OL-1/OL-2 subzones),,OL-2 Overlay,,24,5,20.0,,adopted 2025,Westcott Properties,high,verified,https://library.njcourts.gov/files/civil/affordable-housing/bergen/river-vale-twp/FourthRoundPlan.pdf?VersionId=RHVYB6JlmV2iDGuRoxoO_M6ALGbw_pzP,Section 4 / Fair Share Plan – Fourth Round Sites,2025-06-23,"Part of 4.61-acre OL Zone (OL-2); 24 units (16 three-BR + 8 one-BR), 5 affordable. Contributes to unmet need. Mixed-use ground floor commercial/residential above. [src quote: ""Westcott Properties 233 & 237 River Vale Road — Block 1801 Lots 20, 21, 22 ... 24 units (16 three-BR + 8 one-BR), 5 affordable""]"
River Vale,Collignon Estates,122 & 124 Collignon Way,1801,8.01,1.25,inclusionary,Commercial District (C),,,,2,,rental,adopted 2025,,high,verified,https://library.njcourts.gov/files/civil/affordable-housing/bergen/river-vale-twp/FourthRoundPlan.pdf?VersionId=RHVYB6JlmV2iDGuRoxoO_M6ALGbw_pzP,Section 4 / Fair Share Plan – Fourth Round Sites,2025-06-23,"2 affordable family rental units; contributes to unmet need. Formerly Lots 7 & 8, now consolidated as Lot 8.01. [src quote: ""Collignon Estates — Block 1801, Lot 8.01 (formerly Lots 7 & 8), 122 & 124 Collignon Way, 1.25 acres, Commercial District (C) — 2 affordable units (family rental) for unmet need""]"
River Vale,Special Needs Housing – 860 Westwood Ave,860 Westwood Ave,1901,10,2.1,group home / special needs housing,A Residence District,,,4,4,100.0,rental,existing/completed,,high,verified,https://library.njcourts.gov/files/civil/affordable-housing/bergen/river-vale-twp/FourthRoundPlan.pdf?VersionId=RHVYB6JlmV2iDGuRoxoO_M6ALGbw_pzP,Section 4 / Fair Share Plan – Fourth Round Sites,2025-06-23,"4-bedroom group home; contributes 4 credits to unmet need. [src quote: ""Special Needs Housing 860 Westwood Ave — Block 1901, Lot 10, 2.1 acres, A Residence District — 4 credits to unmet need""]"
River Vale,Jewish Home for the Aged,685 Westwood Avenue,2101,2.01,4.81,100% affordable age-restricted assisted living (prior round/surplus),Senior Housing District (SHD),,,107,11,,rental,completed/existing,,high,verified,https://library.njcourts.gov/files/civil/affordable-housing/bergen/river-vale-twp/FourthRoundPlan.pdf?VersionId=RHVYB6JlmV2iDGuRoxoO_M6ALGbw_pzP,Section 4 / Fair Share Plan – Fourth Round Sites,2025-06-23,"Age-restricted assisted living rental. 107 total units, 11 affordable; 5 remaining credits applied to 4th Round unmet need. Formerly Lots 2, 3, and a portion of Lot 28. [src quote: ""Jewish Home for the Aged — Block 2101, Lot 2.01 (formerly Lots 2, 3, portion of 28), 685 Westwood Avenue, 4.81 acres, Senior Housing District (SHD) — 107 rental units, 11 affordable (age-restricted assisted living); 5 remaining credits for 4th Round unmet need""]"
River Vale,Special Needs Housing – 49 Greenhaigh Lane,49 Greenhaigh Lane,701,8.03,,group home / special needs housing,,,,4,4,100.0,rental,existing/completed,,high,verified,https://library.njcourts.gov/files/civil/affordable-housing/bergen/river-vale-twp/FourthRoundPlan.pdf?VersionId=RHVYB6JlmV2iDGuRoxoO_M6ALGbw_pzP,Section 4 / Fair Share Plan – Fourth Round Sites,2025-06-23,"4-bedroom group home; contributes 4 credits to unmet need. [src quote: ""Special Needs Housing 49 Greenhaigh Lane — Block 701, Lot 8.03 — 4-bedroom group home; 4 credits to unmet need""]"
River Vale,Special Needs Housing – 100 Scully Way,100 Scully Way,701,8.04,,group home / special needs housing,,,,4,4,100.0,rental,existing/completed,,high,verified,https://library.njcourts.gov/files/civil/affordable-housing/bergen/river-vale-twp/FourthRoundPlan.pdf?VersionId=RHVYB6JlmV2iDGuRoxoO_M6ALGbw_pzP,Section 4 / Fair Share Plan – Fourth Round Sites,2025-06-23,"4-bedroom group home; 3 credits to RDP + 1 to unmet need (+ 2 bonus credits = 5 total for RDP). [src quote: ""Special Needs Housing 100 Scully Way — Block 701, Lot 8.04 — 4-bedroom group home; 3 credits to RDP + 1 to unmet need (+ 2 bonus = 5 total for RDP)""]"
River Vale,Forcellati Site (Incandescent Development),691 Rivervale Road,813,18,5.54,inclusionary,A-1 Residence District,Inclusionary overlay,,75,15,20.0,rental,settlement/adopted 2025,Incandescent Development LLC,high,verified,https://library.njcourts.gov/files/civil/affordable-housing/bergen/river-vale-twp/FourthRoundPlan.pdf?VersionId=RHVYB6JlmV2iDGuRoxoO_M6ALGbw_pzP,Section 4 / Fair Share Plan – Fourth Round Sites,2025-06-23,"5 credits to RDP + 10 to unmet need. Developer is Incandescent Development LLC (settlement party). Owner is V.E.R. Corp. [src quote: ""Forcellati Site (Incandescent Development) — Block 813, Lot 18, 691 Rivervale Road, 5.54 acres, A-1 Residence District, owner V.E.R. Corp — 75 total units, 15 affordable (20% set-aside)""]"
Rochelle Park,375 West Passaic Street (Ramada Inn),375 West Passaic Street,103.01,"1.01, 2",3.89,inclusionary (unmet need),,"Inclusionary residential, 30 du/ac, max 4 stories",30.0,116,23,20.0,,proposed; site anticipated available ~2028,,high,verified,https://library.njcourts.gov/files/civil/affordable-housing/bergen/rochelle-park-twp/Part1RochelleParkHousingElementandFairSharePlan6252025.pdf?VersionId=vn754CQhu7SU3nA8zN1OASnlwL7t3Mtp,Section 4.3c / Map 6 caption,2025-06-25,"Currently occupied by Ramada Inn. Preliminary discussions ongoing; site anticipated available ~2028. 3.89 acres, 30 du/ac, 4 stories max = 116 total units, 20% = 23 affordable. Addresses 23 units of unmet need. [src quote: ""Map 6: Site 375 West Passaic St. ... Block 103.01, Lot 1.01, 2 ... 3.89 acres ... Ramada Inn ... 30 units per acre within a maximum 4 story building ... 116 units ... 23 of the units being set-aside for affordable housing (a 20 percent set-aside)""]"
Rochelle Park,210 & 222 Rochelle Avenue,210 & 222 Rochelle Avenue,"23, 24.01","Block 23 Lot 2.03; Block 24.01 Lots 1, 2 & 3",1.45,inclusionary redevelopment (AINR 2019),,"Mixed-use residential/retail, 20 du/ac",20.0,29,6,20.0,,AINR designated 2019; adopted in HEFSP 2025,,high,verified,https://library.njcourts.gov/files/civil/affordable-housing/bergen/rochelle-park-twp/Part1RochelleParkHousingElementandFairSharePlan6252025.pdf?VersionId=vn754CQhu7SU3nA8zN1OASnlwL7t3Mtp,Section 4.3 / Map 5 caption,2025-06-25,"Currently developed with a bank and a diner. AINR designated 2019 (non-condemnation). Mixed-use: at-grade retail, apartments above. 1.45 acres, 20 du/ac = 29 units, 20% = 6 affordable. Addresses 6 of the 10 RDP units. [src quote: ""Map 567: Site 210 & 222 Rochelle Ave ... Block 23, Lot 2.03 / Block 24.01, Lots 1, 2 & 3 ... 1.45 acres ... 20 units per acre ... 29 apartments ... 20 percent for affordable units ... 6 deed-restricted""]"
Rochelle Park,29 Fairfield Dr / 70 West Passaic Street,29 Fairfield Dr / 70 West Passaic Street,"90, 91.01.1",Block 90 Lots 2.02 & 3; Block 91.01.1 Lots 1-5 & 9,1.3,inclusionary,,Inclusionary residential (15 du/ac),15.0,19,4,20.0,,proposed/adopted in HEFSP 2025,,high,verified,https://library.njcourts.gov/files/civil/affordable-housing/bergen/rochelle-park-twp/Part1RochelleParkHousingElementandFairSharePlan6252025.pdf?VersionId=vn754CQhu7SU3nA8zN1OASnlwL7t3Mtp,Section 4.3 / Map 4: Site 1 caption,2025-06-25,"Located on northwest corner of W. Passaic Street and Fairfield Drive. 1.3 acres, 15 du/ac = 19 total units, 20% = 4 affordable. Addresses 4 of the 10 RDP units. Township rejected a 300-unit proposal at this site. [src quote: ""Map 4: Site 1: 29 Fairfield Dr/ 70 W. Passaic St ... Block 90, Lots 2.02 & 3 / Block 91.01.1, Lots 1-5 & 9 ... 1.3 acres ... 15 units per acre ... 19 units ... 20 percent set-aside ... 4 affordable housing units""]"
Rockleigh,Spectrum for Living Supervised Apartment Complex,,,,,"100% affordable group home/supervised apartment (Borough-owned land, 50-year lease)",,,,16,1,100.0,rental,completed (certificate of occupancy October 1998),"Spectrum for Living, Inc.",high,verified,https://library.njcourts.gov/files/civil/affordable-housing/bergen/rockleigh-boro/62425RockleighFourthRoundHousingElementandFairSharePlanPart1.pdf?VersionId=xAb7DLPDY9ipo0k6tCU6rLubElbIvdIj,Section on Spectrum For Living (pp. 23-24),2025-06-24,"16-bedroom supervised apartment complex on Borough-owned land, leased to Spectrum for Living at $10/year for 50 years from 1998. 7 total surplus credits from prior rounds; 1 applied to 4th Round RDP (leaving 6 for future rounds). Block/lot not stated in HEFSP or implementing ordinance — Spectrum site is on Borough-owned land but address/parcel ID not published in the plan documents. [src quote: ""Spectrum was granted the exclusive right and option to lease from Rockleigh a parcel of land owned by the Borough of Rockleigh ... A lease agreement between Spectrum and the Borough commenced on January 1, 1998 for a term for fifty (50) years ... Sixteen (16) low-income individuals (who receive Medicaid benefits) with developmental disabilities reside at the facility ... The Borough intends to use one bedroom as a credit for the Fourth Round, leaving six bedrooms for credit against future round obligations.""]"
Rockleigh,Accessory Apartment Program (borough-wide),,,,,accessory apartment program,,,,,0,,rental,ordinance adopted (Ord. 2009-19); 0 units constructed,,high,verified,https://library.njcourts.gov/files/civil/affordable-housing/bergen/rockleigh-boro/62425RockleighFourthRoundHousingElementandFairSharePlanPart1.pdf?VersionId=xAb7DLPDY9ipo0k6tCU6rLubElbIvdIj,Fourth Round section (p. 24),2025-06-24,"Borough-wide program; Ordinance 2009-19. Maximum 5 creditable units. 0 units constructed to date. Borough plans to incentivize via AH trust fund. No specific parcels. [src quote: ""there have been zero (0) accessory apartments constructed from the ordinance adopted in the Third Round. The Borough has not had the full ten (10) years for this effort to come to fruition and seeks to continue incentivizing the accessory apartment ordinance. The Borough intends to expand the marketing of this program and incentivize the construction of these units by offering greater municipal financial assistance.""]"
Rockleigh,Vacant Land RDP Site – Block 105 Lot 1 (Piermont Road),Piermont Rd W/S,105,1,3.05,vacant land adjustment (VLA) — inclusionary potential,A-One-Family Residential 2 Acres / HF-Historic Fringe Overlay,,6.0,2,1,20.0,,Borough-owned; retained for future public purpose,,high,verified,https://library.njcourts.gov/files/civil/affordable-housing/bergen/rockleigh-boro/62425RockleighFourthRoundHousingElementandFairSharePlanPart1.pdf?VersionId=xAb7DLPDY9ipo0k6tCU6rLubElbIvdIj,Vacant Land Analysis appendix (pp. 47-48),2025-06-24,"This is the VLA parcel establishing RDP=1. Borough-owned, Class 15C (public). Borough has retained it for future public purpose and is NOT planning to develop it for housing — the RDP obligation is instead being satisfied by the 1 Spectrum bedroom credit. VLA yield: 1.5 units at 6 du/ac on 3.05 ac, rounded to 2, 20% set-aside = 1 affordable unit. [src quote: ""Block 105, Lot 1, is located in the A-One-Family Residential 2 Acres zoning district and HF-Historic Fringe Overlay District ... result in the ability to construct 1.5 units. Rounding 1.5 up to 2 units and applying a 20% set aside for the property would result in the Borough having a realistic development potential of one (1) unit. Vacant Land: Block 105, Lot 1, PIERMONT RD W/S, Class 15C, 3.05 acres""]"
Rutherford,Parker 2 (completed multifamily redevelopment),,,,,redevelopment (inclusionary) — Fourth Round RDP credit,,,,62,9,,,completed (2023),,high,verified,https://library.njcourts.gov/files/civil/affordable-housing/bergen/rutherford-boro/RutherfordHEFSP2.pdf?VersionId=BqJqp34IVDwcEK1ff0WuisjL3i3BV_Lk,Fourth Round / Prospective Need section (p. 26),2025-06-24,"Completed 2023. 62 total units, 9 affordable. Contributes 9 units to Fourth Round RDP. Block/lot not stated in HEFSP text; not in VLA (excluded from vacant land analysis). [src quote: ""The Parker 2 was not included in the Third Round Housing Element and Fair Share Plan. The multi-family project was approved and constructed and resulted in 62 units inclusive of 9 affordable units.""]"
Rutherford,Williams Center Redevelopment Area,,,,,redevelopment (inclusionary) — Fourth Round RDP,,Redevelopment Zone (Area in Need of Redevelopment),,80,12,15.0,,redevelopment area designated; plan approved,,high,verified,https://library.njcourts.gov/files/civil/affordable-housing/bergen/rutherford-boro/RutherfordHEFSP2.pdf?VersionId=BqJqp34IVDwcEK1ff0WuisjL3i3BV_Lk,Fourth Round / Prospective Need section (p. 26); Appropriate Locations section (p. 19),2025-06-24,"Williams Center Redevelopment Area — 80 multi-family units, 15% set-aside = 12 affordable units. Plan text credits 6 units to RDP (combined with Parker 2's 9 = 15; plan text rounds to 21 by also counting 6 from Parker 2 + 15 from Williams = actually the HEFSP credits 9 from Parker 2 + 12 from Williams = 21 total RDP). Block/lot not stated in HEFSP text. This is the primary Fourth Round prospective need site. [src quote: ""the Borough has designated the Williams Center as an Area in Need of Redevelopment. The Plan results in 80 multi-family units with a maximum set aside of 15%. The Williams Center project will generate an additional 6 affordable units.""]"
Rutherford,Mandatory Affordable Housing Set-Aside Ordinance (borough-wide),,,,,mandatory set-aside ordinance,,,,,,15.0,,"adopted (Borough Code § 51-59, amended)",,high,verified,https://library.njcourts.gov/files/civil/affordable-housing/bergen/rutherford-boro/RutherfordHEFSP2.pdf?VersionId=BqJqp34IVDwcEK1ff0WuisjL3i3BV_Lk,Third Round compliance section (p. 25),2025-06-24,"Borough Code § 51-59 (amended). 15% rental set-aside, 20% for-sale, for 3+ new residential units in any zone. Borough-wide; no specific block/lot. [src quote: ""all residential development proposing the creation of three or more new residential units in any zoning district shall be required to provide affordable housing at the ratio of at least one affordable unit for every five proposed new market-rate units ... the affordable housing set-aside shall be fifteen (15%) percent in the case of rental housing and twenty (20%) percent in the case of for-sale housing""]"
Rutherford,Meadow Road Redevelopment Area,,"169, 155, 221","Block 169 Lots 2, 3, 27-41; Block 155 Lot 15.05; Block 221 Lot 3",4.0,redevelopment (inclusionary) — prior round unmet need carryover,,"Redevelopment Zone (30 du/ac, 20% affordable)",30.0,,,20.0,,previously designated AINR; redevelopment plan agreed to be adopted,,high,verified,https://library.njcourts.gov/files/civil/affordable-housing/bergen/rutherford-boro/RutherfordHEFSP2.pdf?VersionId=BqJqp34IVDwcEK1ff0WuisjL3i3BV_Lk,Third Round Compliance / Unmet Need section (p. 25),2025-06-24,"Third Round unmet need mechanism carried into Fourth Round. ~4 acres, 30 du/ac, 20% set-aside. Redevelopment plan committed to be adopted. Included as part of Third Round settlement and addresses prior round unmet need. [src quote: ""Meadow Road- the Borough previously designated Block 169 Lots 2, 3 and 27 through 41: Block 155 Lot 15.05 and Block 221 Lot 3 as an Area in Need of Redevelopment. The Borough agrees to adopt a Redevelopment Plan for this area which totals approximately four (4) acres to permit residential development up to thirty (30) du/a and to require a 20% affordable housing set-aside.""]"
Rutherford,"Kip Avenue Redevelopment Area (100% affordable, planned)",62 Kip Avenue,74,"17, 18, 18.01",,redevelopment (100% affordable),,Redevelopment Zone (Area in Need of Redevelopment),,,,100.0,,redevelopment plan being drafted,,high,verified,https://library.njcourts.gov/files/civil/affordable-housing/bergen/rutherford-boro/RutherfordHEFSP2.pdf?VersionId=BqJqp34IVDwcEK1ff0WuisjL3i3BV_Lk,Appropriate Locations section (p. 19); Spending Plan section (p. 45),2025-06-24,"Block 74 Lots 17, 18, 18.01 (Kip Avenue). Excluded from VLA because designated as a redevelopment area planned for 100% affordable. Redevelopment plan being drafted. Borough committed $2M from AH trust fund. Not counted toward 4th Round RDP (excluded from VLA table). [src quote: ""Kip Avenue Redevelopment Area — designated as an Area in Need of Redevelopment ... Block 74, lots 17, 18, and 18.01 were removed from the VLA due to the fact that they are designated as an area in need of redevelopment with plans to be developed as a fully affordable project ... construction of a 100% affordable project on Kip Avenue. The Borough will dedicate $2,000,000.00 to the costs associated with this project.""]"
Saddle Brook,"580 North Midland Ave - Supportive Housing Overlay (Block 1710, Lot 38)","580 North Midland Avenue, Saddle Brook, NJ",1710,38,0.74,100pct-affordable,RA Single Family District,Supportive Independent Living Overlay,,10,10,100.0,rental,adopted-ordinance (Appendix J),,high,verified,https://library.njcourts.gov/files/civil/affordable-housing/bergen/saddle-brook-twp/SDBRK001FourthRoundHEFSPAmendedADOPTED.pdf?VersionId=tgAeFS7ZKkFV1Qi78ZkzP76F5bWB8Q9z,Pages 40-41 (HEFSP pp. 40-41),2026-03-13,"CORRECTION: HEFSP summary bullets (p.25) say 'Block 1710, Lot 28' but the actual mediation agreement description on p.40 and map caption say 'Lot 38 in Block 1710' / 'BLOCK 1710, LOT 38'. Lot 38 is correct. The two overlays (supportive housing and age-restricted) apply to the same parcel - only one will be built. 100% deed-restricted affordable units for disabled individuals with State of NJ visiting services. [src quote: ""The Township of Saddle Brook entered into a Mediation Agreement with 580 North Midland, LLC and agreed to rezone the property at 580 North Midland Avenue with two separate overlay zone districts...The property is a 0.74-acre parcel known as Lot 38 in Block 1710...The first overlay zone will permit the construction of a supportive independent living housing development for disabled individuals...which will be comprised of 10 one-bedroom apartments.""]"
Saddle Brook,"580 North Midland Ave - Age-Restricted Inclusionary Overlay (Block 1710, Lot 38)","580 North Midland Avenue, Saddle Brook, NJ",1710,38,0.74,inclusionary-rezoning,RA Single Family District,Age-Restricted Inclusionary Overlay,,12,3,20.0,rental,adopted-ordinance (Appendix J),,high,verified,https://library.njcourts.gov/files/civil/affordable-housing/bergen/saddle-brook-twp/SDBRK001FourthRoundHEFSPAmendedADOPTED.pdf?VersionId=tgAeFS7ZKkFV1Qi78ZkzP76F5bWB8Q9z,Pages 40-41 (HEFSP pp. 40-41),2026-03-13,"Alternative overlay on same parcel (Block 1710, Lot 38) as supportive housing overlay - only one will be built. The HEFSP states '20%' as the set-aside; the parenthetical '3 of the 12 units' is rounding up from 2.4 (20% x 12). UHAC compliant. Same lot discrepancy as supportive overlay (summary says Lot 28, detailed text says Lot 38). [src quote: ""The second overlay shall allow for the development of a structure to include 12 one-bedroom age-restricted rental units. Not less than 20% (3 of the 12 units) of the units shall be deed restricted as affordable housing units and shall be UHAC compliant.""]"
Saddle Brook,Midland Avenue-Van Bussum Overlay (Block 401),"Midland Avenue & Van Bussum Avenue, Saddle Brook, NJ",401,"1, 2.01, 2.02, 3, 4, and 5",3.77,inclusionary overlay,O-MR Office Mid-Rise Zone District,Midland Avenue-Van Bussum Overlay,,220,44,20.0,,adopted-ordinance (Appendix J; Ordinance 1797-26),Maxim Realty Trust / Midland Commons of Saddlebrook LLC,high,verified,https://library.njcourts.gov/files/civil/affordable-housing/bergen/saddle-brook-twp/SDBRK001FourthRoundHEFSPAmendedADOPTED.pdf?VersionId=tgAeFS7ZKkFV1Qi78ZkzP76F5bWB8Q9z,Pages 38-40 (HEFSP pp. 38-39),2026-03-13,"Round 4 Fourth Round compliance mechanism. Developer Maxim Realty Trust has assembled 3.77 acres. The HEFSP map caption confirms 'BLOCK 401, LOTS 1, 2.02, 2.02, 3, 4, 5'. Adjacent to existing Grande at Saddle Brook (60-unit inclusionary development). Candidate snapshot called this 'AHOZ-6' - the HEFSP refers to it as 'Midland Avenue-Van Bussum Overlay'. Max 5 stories/65 ft per candidate snapshot Ord 1797-26 reference; confirmed 20% set-aside. [src quote: ""Maxim Realty Trust, the principal company of Midland Commons of Saddlebrook, LLC, has assembled 3.77 acres comprised of Lots 1, 2.01, 2.02, 3, 4, and 5 in Block 401 for a proposed inclusionary housing development. The Township will adopt an overlay zone for the assemblage of properties to allow for the construction of a multi-family inclusionary development of not less than 220 total units, inclusive of a 20% affordable housing set-aside, resulting in 44 affordable housing units assuming all 220 units are constructed.""]"
Saddle Brook,"Mayhill Apartments (Block 910, Lot 2) [Prior Round Credit]","140 Mayhill Street, Saddle Brook, NJ",910,2,,inclusionary-rezoning,,,,156,15,,rental,built,,high,verified,https://library.njcourts.gov/files/civil/affordable-housing/bergen/saddle-brook-twp/SDBRK001FourthRoundHEFSPAmendedADOPTED.pdf?VersionId=tgAeFS7ZKkFV1Qi78ZkzP76F5bWB8Q9z,Page 34 (HEFSP p. 31),2026-03-13,"Prior Round credit site (Rounds 1-3). 15 affordable family rental units + 15 rental bonus credits = 30 total credits. Deemed credit worthy in Third Round Judgment of Compliance and Repose. [src quote: ""The Mayhill Apartments are located at 140 Mayhill Street (Block 910, Lot 2). The complex consists of 156 one- and two-bedroom units, 15 of which are affordable family rental units.""]"
Saddle River,"Boroline Road Overlay Zone (Block 1302 Lots 1.02, 1.03 & 1.04) — 3rd Round Unmet Need",Boroline Road,1302,"1.02, 1.03, 1.04",20.0,"inclusionary overlay (30 du/ac, 20% affordable)",Planned Unit Development (PUD) + overlay,PUD + residential overlay at 30 du/ac,30.0,275,18,20.0,,site plan approved with conditions for Lot 1.04 (275 du incl. 18 family AH + 15 supportive housing); construction not yet commenced,,high,verified,https://library.njcourts.gov/files/civil/affordable-housing/bergen/saddle-river-boro/20250625SaddleRiverHEFSPAdopted.pdf?VersionId=TxKH0i9GFZ3rflIUf7IbP3UXQokQZCjw,Section 4.1 / Prior Round Obligations Item 4 (p. 36),2025-06-25,"3rd Round unmet need mechanism. Lot 1.04 (southerly lot) approved with conditions for 275 dwellings, 20% set-aside = 18 family AH units + 15 supportive housing units = 37 AH credits total. Construction not yet commenced. Extends into 4th Round period. [src quote: ""Overlay Zone: Block 1302 Lots 1.02, 1.03 and 1.04 ... approximately 20 acres ... overlay zone on property along Boroline Road ... retain the underlying Planned Unit Development zoning ... also allow multi-family residential development at thirty units per acre as an overlay zone ... 20% set-aside for affordable housing ... Lot 1.04 ... site plan approval with conditions ... 275 dwellings inclusive of a 20 percent set-aside for affordable housing.""]"
Saddle River,"O'Donnell Property (Block 1402 Lots 23, 24 & 25) — 3rd Round / Carries to 4th",E. Allendale Road,1402,"23, 24, 25",10.25,inclusionary (Townhouse Inclusionary Housing District 1),Townhouse Inclusionary Housing District 1 (Ord. 20-992),,5.85,60,8,,sale,site plan filed; hearings anticipated July 2025,,high,verified,https://library.njcourts.gov/files/civil/affordable-housing/bergen/saddle-river-boro/20250625SaddleRiverHEFSPAdopted.pdf?VersionId=TxKH0i9GFZ3rflIUf7IbP3UXQokQZCjw,Section 4.1 / Prior Round Obligations Item 1 (p. 32-33),2025-06-25,"3rd Round RDP site contributing 12 units to RDP; site plan recently filed, hearings anticipated July 2025. 60 total units, 8 affordable (SRI Realty site in 3rd Round settlement table). Part of 3rd Round obligations carried into 4th Round plan. [src quote: ""Block 1402 Lots 23, 24, and 25. This 10.25-acre property ... 3rd Round calls for this site to be developed with a maximum of sixty dwellings, consisting of eight affordable units and fifty-two market rate units, representing a density of 5.85 dwelling units per acre ... consistent with the Borough's Ordinance No. 20-992 Townhouse Inclusionary Housing District 1 regulations.""]"
Saddle River,"Choctau Trail (Block 1601 Lots 10, 10.01 & 11) — 4th Round Unmet Need Component",Choctau Trail,1601,"10, 10.01, 11",7.18,100% affordable (4th Round unmet need share),AH-3 Zone (Ord. 20-1000),,12.2,111,32,100.0,rental,site plan approved September 2021; under construction,The Michaels Organization,high,verified,https://library.njcourts.gov/files/civil/affordable-housing/bergen/saddle-river-boro/20250625SaddleRiverHEFSPAdopted.pdf?VersionId=TxKH0i9GFZ3rflIUf7IbP3UXQokQZCjw,Section 4.1 / Prior Round Obligations (p. 33); Section 4.2 / Unmet Need (p. 41),2025-06-25,"111 total affordable units (100% affordable project), 7.18 acres, 12.2 du/ac. Site plan approved 9/2021, under construction. 79 units allocated to 3rd Round; 32 units allocated to 4th Round unmet need. Ord. 20-1000 (AH-3). [src quote: ""Block 1601 Lots 10, 10.01 & 11: This property on Choctau Trail ... three lots encompass a total area of 7.18 acres in size, yielding a density of 12.2 dwelling units per acre ... 88 of this project's 111 dwellings ... associated with the 3rd Round ... this plan calls for 79 of the 111 affordable units on the Choctau Trail site to be allocated to the 3rd Round. The remaining 32 units (111 units provided less the 79 units that are allocated to the 3rd Round obligation as noted above) are allocated as 4th Round Unmet Need units.""]"
Saddle River,Algonquin Trail Site (Block 1603 Lots 1 & 2.01) — 3rd Round / Carries to 4th,Algonquin Trail / West Saddle River Road,1603,"1, 2.01",7.2,inclusionary (Townhouse Inclusionary Housing District 2),Townhouse Inclusionary Housing District 2 (Ord. 20-993),,8.3,60,12,,,"site plan filed; public hearing commenced June 17, 2025",,high,verified,https://library.njcourts.gov/files/civil/affordable-housing/bergen/saddle-river-boro/20250625SaddleRiverHEFSPAdopted.pdf?VersionId=TxKH0i9GFZ3rflIUf7IbP3UXQokQZCjw,Section 4.1 / Prior Round Obligations Item 2 (p. 33),2025-06-25,"3rd Round RDP site contributing 12 units to RDP. 7.2 acres, 8.3 du/ac, 60 total units, 12 affordable. Site plan filed, PH commenced June 17 2025. Ord. 20-993. [src quote: ""Block 1603 Lots 1 & 2.01: This 7.2 acre site is located on the easterly side of Algonquin Trail ... 3rd Round Plan calls for a maximum of sixty dwellings on this site, inclusive of twelve affordable units and forty-eight market rate units, representing a density of 8.3 dwelling units per acre ... consistent with the Borough's recently adopted Ordinance No. 20-993 Townhouse Inclusionary Housing District 2 regulations.""]"
Saddle River,20-22 East Allendale Road (AH-6 Zone / Block 1605 Lots 1 & 2) — 4th Round RDP Site,20-22 East Allendale Road,1605,"1, 2",1.54,100% affordable,"AH-3 Zone (Lot 1 only, previously approved 23 units)","AH-6 Zone (expanded to include Lot 2, 42 units total)",27.2,42,42,100.0,rental,"Planning Board approved site plan for Lot 1 (23 units, Sept 2020); Lot 2 being added via rezoning",The Michaels Organization,high,verified,https://library.njcourts.gov/files/civil/affordable-housing/bergen/saddle-river-boro/20250625SaddleRiverHEFSPAdopted.pdf?VersionId=TxKH0i9GFZ3rflIUf7IbP3UXQokQZCjw,Section 4.2 / 4th Plan Components (pp. 37-38),2025-06-25,"4th Round RDP site (6 units credit). Lot 1 (1.06 ac, 20 E. Allendale Rd) previously approved for 23 units under AH-3 zoning; now combined with Lot 2 for 42 total affordable units. Developer is The Michaels Organization (same as Choctau Trail). Maximum density 27.5 du/ac per zoning table. [src quote: ""The Borough will satisfy its 6 unit RDP obligation with a 42 unit 100 percent proposed affordable housing development at 20-22 East Allendale Road. The property is identified as Block 1605 Lots 1 and 2. The Michaels Organization, who is developing the Choctau Road site noted above, will be the developer of this property ... Block 1605 Lot 1 ... 1.06 acre property ... Block 1605 Lot 2 ... the adjoining Lot 2 ... a total of 42 units on 1.54 acres. This represents a density of 27.2 units per acre.""]"
South Hackensack,Route 46 District Affordable Housing Overlay,,2.01,"4.01, 4.02, 6.03, 6.04, 8.02, 8.04",,overlay,,Route 46 District AH Overlay,,,,15.0,,adopted-ordinance,,medium,needs-human-review,https://library.njcourts.gov/files/civil/affordable-housing/bergen/south-hackensack-twp/SouthHackensackFourthRoundHousingElementFairSharePlan060225.PDF?VersionId=1uvvFxyUWrRXN0c_c8MSzFP6CjJwtxc8,,2025-06-02,"Block 2.01, Lots 4.01, 4.02, 6.03, 6.04, 8.02, 8.04. Existing Route 46 corridor mixed-use area. 15% set-aside for 5+ unit residential developments. Addresses unmet need aspirationally. Area A redevelopment (Route 46 motels/retail, 7.734 acres, 9 lots) overlaps with this district; RFP for mixed-use transit-oriented redevelopment issued December 2024."
South Hackensack,Grove Street Overlay,2 & 8 Grove Street,3,"17.02, 19",,overlay,,Grove Street Overlay,,16,,20.0,rental,proposed,Eletherios Sakellaris (owner/proposed developer),medium,needs-human-review,https://library.njcourts.gov/files/civil/affordable-housing/bergen/south-hackensack-twp/SouthHackensackFourthRoundHousingElementFairSharePlan060225.PDF?VersionId=1uvvFxyUWrRXN0c_c8MSzFP6CjJwtxc8,,2025-06-02,"Block 3, Lots 17.02 & 19 at 2 & 8 Grove Street. Currently Foodies Restaurant and a two-family dwelling. Proposed 16-unit multi-family building, max 4 stories/40 ft, 20% affordable set-aside. Owner approached township with development interest. Fourth Round proposed amendment to existing AH overlay."
South Hackensack,2 & 8 Grove Street (Grove Street Overlay),"2 & 8 Grove Street, South Hackensack, NJ",3,"17.02, 19",,inclusionary_overlay,Affordable Housing Overlay District (existing),Grove Street Overlay (extension of Affordable Housing Overlay District),,16,4,20.0,rental,proposed_ordinance_amendment,Eletherios Sakellaris,high,verified,https://library.njcourts.gov/files/civil/affordable-housing/bergen/south-hackensack-twp/SouthHackensackFourthRoundHousingElementFairSharePlan060225.PDF?VersionId=1uvvFxyUWrRXN0c_c8MSzFP6CjJwtxc8,18-22,2025-06-05,"Site currently contains Foodies Restaurant (Lot 17.02) and a Two-Family residential dwelling (Lot 19), both owned by Eletherios Sakellaris. Owner has approached Township to develop a multi-family residential dwelling. The 4 RDP credits from this site satisfy the Township's entire Fourth Round RDP obligation. Additionally described at BER-L-000581-25 Pg 21-22: 'Block 3, Lots 17.02 & 19 to be hereafter known as Grove Street Overlay.' [src quote: ""Block 3, Lots 17.02 and 19 shall be included in the Overlay District. In addition, the ordinance shall be amended to allow up to 16 units with a 20% affordable unit set aside for these lots.""]"
Teaneck,822 Palisade Avenue (Passive Rezoning 60 DU/AC),"822 Palisade Avenue, Teaneck, NJ",2603,21,,inclusionary-rezoning,,60 DU/AC with mandatory 20% affordable housing set-aside,60.0,,,20.0,,adopted-ordinance (2026 Amendment; required by settlement),,high,verified,https://library.njcourts.gov/files/civil/affordable-housing/bergen/teaneck-twp/2026AmendedTeaneckHousingElementFourthRoundCompressed.pdf?VersionId=P26rpe3KZgxIXZgSwieRhHxbKLnm_r1T,"Pages 31, 38-39 (2026 HEFSP Amendment)",2026-05-19,"ADDED by 2026 Amendment; required by court order per settlement. Classified as 'passive' rezoning - no LMI units counted directly against obligation (not in the 124.5 credit total). Serves as additional unmet need mechanism. MISSING from candidate snapshot. [src quote: ""the Township has rezoned 822 Palisade Avenue to permit a density of 60 dwelling units per acre, with a mandatory 20% affordable housing set-aside...[Table] 822 Palisade Ave | Block 2603, Lot 21 | 'Passive' Rezoning of 60 DU/AC""]"
Teaneck,827 Teaneck Road (Rezoning or Redevelopment),"827 Teaneck Road, Teaneck, NJ",3902,2.01,,redevelopment-area,,Redevelopment Plan or rezoning (IH-1 Overlay or RD Plan),,,6,,,settlement agreement (Vision 23 LLC / Mohammed Saddiqulla),Vision 23 LLC / Mohammed Saddiqulla,high,verified,https://library.njcourts.gov/files/civil/affordable-housing/bergen/teaneck-twp/2026AmendedTeaneckHousingElementFourthRoundCompressed.pdf?VersionId=P26rpe3KZgxIXZgSwieRhHxbKLnm_r1T,Page 32 (Table Round 4 Compliance Framework),2026-05-19,"CORRECTION vs. candidate snapshot: block/lot confirmed Block 3902, Lot 2.01 (candidate had no block/lot). 6 LMI units + 3 bonus credits = 9 total credits. Replaces a commercial restaurant. Settlement with Vision 23 LLC / Mohammed Saddiqulla. [src quote: ""827 Teaneck Road | Block 3902, Lot 2.01 | 6 | TOD or Non-Res Conversion (0.5) | 3 | 9""]"
Teaneck,54 West Englewood Avenue (Rezoning or Redevelopment),"54 West Englewood Avenue, Teaneck, NJ",4905,"1, 2 and 3",,redevelopment-area,,Redevelopment Plan or rezoning,,,11,,,settlement agreement (54 West Englewood Ave LLC),54 West Englewood Ave LLC,high,verified,https://library.njcourts.gov/files/civil/affordable-housing/bergen/teaneck-twp/2026AmendedTeaneckHousingElementFourthRoundCompressed.pdf?VersionId=P26rpe3KZgxIXZgSwieRhHxbKLnm_r1T,Page 32 (Table Round 4 Compliance Framework),2026-05-19,"MISSING from candidate snapshot. 11 LMI units + 5.5 TOD bonus credits = 16.5 total credits. TECHNICAL CORRECTION in 2026 Amendment: originally only Block 4905, Lot 3 was identified; amended to include Lots 1, 2, and 3. [src quote: ""54 West Englewood Ave | Block 4905, Lots 1, 2 and 3 | 11 | TOD (0.5) | 5.5 | 16.5""]"
Teaneck,143 State Street (Redevelopment or Rezoning),"143 State Street, Teaneck, NJ",5002,26,,redevelopment-area,,Redevelopment Plan or rezoning,,,9,,,settlement agreement (143 State Street LLC); implementing plan to be adopted,143 State Street LLC,high,verified,https://library.njcourts.gov/files/civil/affordable-housing/bergen/teaneck-twp/2026AmendedTeaneckHousingElementFourthRoundCompressed.pdf?VersionId=P26rpe3KZgxIXZgSwieRhHxbKLnm_r1T,Page 32 (Table Round 4 Compliance Framework),2026-05-19,"MISSING from candidate snapshot. 9 LMI units + 4.5 bonus credits = 13.5 total credits. Replaces a gas station site. Settlement agreement with 143 State Street LLC. [src quote: ""143 State Street | Block 5002, Lot 26 | 9 | TOD or Non-Res Conversion (0.5) | 4.5 | 13.5""]"
Teaneck,1387 Hill Street (Rezoning or Redevelopment),"1387 Hill Street, Teaneck, NJ",5003,16,0.22,redevelopment-area,,Redevelopment Plan or rezoning,,,4,,,settlement agreement (Hill Street Realty LLC),Hill Street Realty LLC,high,verified,https://library.njcourts.gov/files/civil/affordable-housing/bergen/teaneck-twp/2026AmendedTeaneckHousingElementFourthRoundCompressed.pdf?VersionId=P26rpe3KZgxIXZgSwieRhHxbKLnm_r1T,Page 32 (Table Round 4 Compliance Framework),2026-05-19,"4 LMI units + 2 TOD bonus credits (within 0.5 mile of NJ Transit bus stop) = 6 total credits. Block 5003, Lot 16 confirmed. Candidate snapshot had 7 total units at 31.8 du/ac and 0.22 acres from a ZBA approval letter - HEFSP shows 4 affordable units. [src quote: ""1387 Hill Street | Block 5003, Lot 16 | 4 | TOD (0.5) | 2 | 6""]"
Teaneck,140 State Street (Redevelopment - Amended January 2025),"140 State Street, Teaneck, NJ",5004,1,,redevelopment-area,,Redevelopment Plan (Ordinance 49-2022; amended by Ordinance 15-2025),,,5,,,redevelopment plan adopted and amended,,high,verified,https://library.njcourts.gov/files/civil/affordable-housing/bergen/teaneck-twp/2026AmendedTeaneckHousingElementFourthRoundCompressed.pdf?VersionId=P26rpe3KZgxIXZgSwieRhHxbKLnm_r1T,Page 32 (Table Round 4 Compliance Framework),2026-05-19,"5 new LMI units (5 beyond the original 5 in Round 3; the Round 3 redevelopment plan was for 5 total, amended to 10 total). Round 4 counts only the 5 new/incremental units. TOD bonus 0.5 per unit = 2.5 bonus credits. Total with bonus = 7.5 credits. [src quote: ""140 State Street | Amended RDP | Block 5004, Lot 1 | 5 | TOD (0.5) | 2.5 | 7.5""]"
Teaneck,Cedar Lane and American Legion Drive (Redevelopment),"American Legion Drive / Cedar Lane / Garrison Avenue / Beverley Road, Teaneck, NJ","819, 707, 705","Block 819: Lots 1, 14, 16, 17; Block 707: Lots 1-5; Block 705: Lot 4.01",,redevelopment-area,,Redevelopment Plan,,,48,,rental,redevelopment plan adopted; settlement with Crossroads Companies,Crossroads Companies LLC,high,verified,https://library.njcourts.gov/files/civil/affordable-housing/bergen/teaneck-twp/2026AmendedTeaneckHousingElementFourthRoundCompressed.pdf?VersionId=P26rpe3KZgxIXZgSwieRhHxbKLnm_r1T,Page 32 (Table Round 4 Compliance Framework),2026-05-19,"48 LMI units + 24 bonus credits (TOD or non-residential conversion) = 72 total credits. Previously cited as 224 total/48 affordable in candidate snapshot. HEFSP does not state total unit count in the compliance table. Candidate snapshot data on blocks/lots confirmed correct. [src quote: ""Cedar Lane and American Legion Drive | Block 819, Lots 1, 14, 16, 17; Block 707, Lots 1-5; Block 705, Lot 4.01 | 48 | TOD or Non-Res Conversion (0.5) | 24 | 72""]"
Tenafly,Tenafly Senior Housing,"Intersection of West Clinton Avenue and Tenafly Road, Tenafly, NJ",1008,2,,extension_of_controls,Section 202 senior housing,100% affordable senior housing (deed restriction extended via PILOT amendment),,34,24,100.0,rental,ordinance_adopted,Tenafly Senior Housing (Section 202),high,verified,https://library.njcourts.gov/files/civil/affordable-housing/bergen/tenafly-boro/61225TenaflyHousingElementandFairSharePlanAdopted061125Part1.pdf?VersionId=S_TDB542jrJpsgkCF0H4QeyVBlqmSOBB,"44, 52",2025-06-11,"34 total units; 10 credited to Third Round RDP, 24 to Fourth Round. Deed restriction extended via PILOT amendment. Age-restricted (senior) housing. [src quote: ""The Tenafly Senior Housing Site is identified by municipal tax records as Block 1008 Lot 2. It is located at the intersection of West Clinton Avenue and Tenafly Road. The Tenafly Senior Housing Site was constructed in 1983 as a Federal Housing Administration Section 202 senior housing project. The facility consists of thirty-four (34) units occupied by very-low, low- and moderate-income senior households. ... the Borough will apply ten (10) of the thirty-four (34) credits towards its Third Round RDP obligation. The remaining twenty-four (24) will be utilized in the Fourth Round.""]"
Tenafly,Adoni West Railroad Avenue Site,"66 West Railroad Avenue, Tenafly, NJ",1104,4,,inclusionary_approved,,Mixed-use (approved site plan),,40,6,15.0,rental,site_plan_approved,Adoni,high,verified,https://library.njcourts.gov/files/civil/affordable-housing/bergen/tenafly-boro/61225TenaflyHousingElementandFairSharePlanAdopted061125Part1.pdf?VersionId=S_TDB542jrJpsgkCF0H4QeyVBlqmSOBB,31,2025-06-11,"6 affordable units (15% of 40 rental). Site plan approved (year not specified in OCR excerpt). [src quote: ""66 West Railroad Avenue. 66 West Railroad Avenue, which is identified by municipal tax records as Block 1104 Lot 4, received site plan approval for a mixed-use development consisting of forty (40) residential units.""]"
Tenafly,Giesi 31 Central Avenue Site,"31 Central Avenue, Tenafly, NJ",1104,"7, 8",,inclusionary_approved,,Mixed-use (approved site plan),,10,2,20.0,rental,site_plan_approved,Giesi,high,verified,https://library.njcourts.gov/files/civil/affordable-housing/bergen/tenafly-boro/61225TenaflyHousingElementandFairSharePlanAdopted061125Part1.pdf?VersionId=S_TDB542jrJpsgkCF0H4QeyVBlqmSOBB,31,2025-06-11,"Site plan approved 2023. 2 affordable units (20% set-aside assumed based on standard inclusionary requirements). [src quote: ""31 Central Avenue. 31 Central Avenue, which is identified by municipal tax records as Block 1104 Lots 7 and 8, received site plan approval in 2023 for a mixed-use development consisting of ten (10) residential units.""]"
Tenafly,North Summit Street Overlay (AHO-10),"North Summit Street, Tenafly, NJ",1301,"1, 3",,overlay,SR/B Senior Residence/Business District,AHO-10,,,,,,adopted-ordinance,,medium,needs-human-review,https://tenaflynj.gov/DocumentCenter/View/5602/Ordinance---25-33---North-Summit-Street?bidId=,,2025,Ordinance 25-33 placed Block 1301 Lots 1 and 3 into AHO-10 overlay; underlying SR/B district retained. Small-scale commercial use permitted fronting North Summit Street. Unit counts not stated in search results.
Tenafly,RRD North Summit Street Site,"121-131 North Summit Street, Tenafly, NJ",1301,"1, 3",,inclusionary_approved,,Mixed-use (approved site plan),,112,16,15.0,rental,site_plan_approved,RRD,high,verified,https://library.njcourts.gov/files/civil/affordable-housing/bergen/tenafly-boro/61225TenaflyHousingElementandFairSharePlanAdopted061125Part1.pdf?VersionId=S_TDB542jrJpsgkCF0H4QeyVBlqmSOBB,39,2025-06-11,"17 total affordable units; 1 applied to Third Round RDP, 16 to Fourth Round. Site plan approved May 24, 2023. Not yet constructed as of HEFSP adoption. [src quote: ""The site, which is identified by municipal tax records as Block 1301 Lots 1 and 3, is located at 121-131 North Summit Street. On May 24, 2023, the site received preliminary and final site plan approval as well as 'c' variance relief for a mixed use development consisting of 2,470 square feet of retail space as well as one hundred and twelve (112) multifamily units, including seventeen (17) affordable units. One (1) of these affordable units is to be applied to the Borough's Third Round RDP obligation, while the remaining sixteen (16) units are to be applied to the Fourth Round.""]"
Tenafly,33 Engle Street Site,"33 Engle Street, Tenafly, NJ",2006,7,0.75,inclusionary_overlay,R-7.5 District,MF-I-2 District (max 12 units/acre),12.0,8,2,25.0,rental,rezoned,,high,verified,https://library.njcourts.gov/files/civil/affordable-housing/bergen/tenafly-boro/4168.04HousingElementandFairSharePlanAdopted021126CopyPart1.pdf?VersionId=gDBW6NCk36e8yiWO0r.OczuCP4tsZjkL,57,2026-02-11,"Block/lot from amended Feb 2026 HEFSP. Rezoning ordinance attached as Appendix M of amended HEFSP. [src quote: ""The 33 Engle Street Site is located in the southerly portion of the Borough, to the south of the intersection of Engle Street and Elm Street. The site, which is identified by municipal tax records as Block 2006 Lot 7, is located at 33 Engle Street. It has an area of 0.75 acres and is somewhat rectangular in shape. The Borough has rezoned this property from the R-7.5 District to a new MF-I-2 District which will permit multifamily development at a density not to exceed 12 units per acre. This will permit the development of eight (8) multifamily units, including two (2) affordable units.""]"
Tenafly,1-11 Serpentine Road (MF-A-1 District),"1-11 Serpentine Road, Tenafly, NJ",715,"11, 12, 13, 14",,100pct-affordable,,MF-A-1,,16,16,100.0,rental,adopted-ordinance,"BCUW/Madeline Housing Partners, LLC",medium,needs-human-review,https://www.tenaflynj.gov/DocumentCenter/View/3216/Ordinance---23-25---Land-Development-Regulations?bidId=,,2025,"Ordinance 23-25 rezoned Block 715 Lots 11, 13, 14 to MF-A-1. Site plan application filed for 16 units 100% affordable. Lot 12 also referenced in application. 16-unit count from Planning Board meeting minutes snippet."
Tenafly,West Clinton Avenue Overlay (AHO-9),"West Clinton Avenue, Tenafly, NJ",904,"3, 4, 5, 6",,overlay,,AHO-9,,,,,,adopted-ordinance,,medium,needs-human-review,https://tenaflynj.gov/DocumentCenter/View/5571/Ordinance---25-32--West-Clinton-Ave-Ordinance?bidId=,,2025,"Ordinance 25-32 created AHO-9 overlay on Block 904 Lots 3, 4, 5, 6; permits inclusionary multifamily plus small-scale commercial fronting West Clinton Ave. Unit counts not stated in search results. Ordinance 26-01 is a subsequent amendment also referencing this area."
Tenafly,West Clinton Avenue Overlay Site,"Intersection of West Clinton Avenue and Franklin Street, Tenafly, NJ",904,"3, 4, 5, 6",1.28,inclusionary_overlay,,AHO-9 Affordable Housing Overlay District,,13,3,23.0,rental,ordinance_adopted,,high,verified,https://library.njcourts.gov/files/civil/affordable-housing/bergen/tenafly-boro/4168.04HousingElementandFairSharePlanAdopted021126CopyPart1.pdf?VersionId=gDBW6NCk36e8yiWO0r.OczuCP4tsZjkL,58,2026-02-11,"Block/lot from amended Feb 2026 HEFSP. AHO-9 ordinance attached as Appendix N of amended HEFSP. Also permits small-scale commercial development along West Clinton Avenue. [src quote: ""The West Clinton Avenue Overlay Site is located near the center of the Borough's downtown. The site, which is identified by municipal tax records as Block 904 Lots 3, 4, 5, and 6, is located at the intersection of West Clinton Avenue and Franklin Street. It has a collective area of approximately 1.28 acres and is irregular in shape. The Borough has adopted a new AHO-9 Affordable Housing Overlay District to encapsulate this site. This overlay district will permit the development of thirteen (13) multifamily units, including three (3) affordable units.""]"
Upper Saddle River,OL-5 Overlay Zone,,,,,overlay,,OL-5,6.0,,,,,adopted-ordinance,,medium,needs-human-review,https://usrtoday.org/DocumentCenter/View/991/Intro-Ord-06-26---USR-New-OL-5-Ordinance?bidId=,,2026,"Ordinance 06-26 created OL-5 overlay per February 18, 2026 mediation agreement with FSHC. Minimum lot 6.0 acres; max density 6 du/ac; max height 2.5 stories/35 ft. Specific block/lot and affordable unit count not stated in available search results."
Upper Saddle River,10 Mountainview Road (Viewstar Site),"10 Mountainview Road, Upper Saddle River, NJ 07458",,,18.85,redevelopment,"Office (developed, dilapidated vacant multistory office building)","Inclusionary redevelopment (Non-Condemnation Area in Need of Redevelopment; draft zoning 7 du/acre, min lot 18 ac)",7.0,132,26,20.0,mixed,proposed_redevelopment,"Viewstar LL (current owner; Gold, Moshe)",medium,verified,https://library.njcourts.gov/files/civil/affordable-housing/bergen/upper-saddle-river-boro/61225USRHousingElementandFairSharePlanADOPTED61125.pdf?VersionId=eBgLqLtAjq3Ae2HAxUhvJLg5dtUstaB1,43-46,2025-06-11,"Block/lot not identified in HEFSP text (only address and acreage given). Property owner per Fire Prevention Notice of Violations (Sept 27, 2022): Viewstar LL, NJ; owner Gold, Moshe. RDP is technically zero for Fourth Round; this site is proposed voluntarily. A draft Non-Condemnation Area in Need of Redevelopment Report is being prepared. Site borders Pinnacle Co. inclusionary townhouse community to north and multi-story multifamily inclusionary complex to southeast. Confidence medium because block/lot not confirmed in OCR text and redevelopment designation not yet complete. [src quote: ""The Borough has a 4th Round rehabilitation obligation of zero and a prospective need of 233 affordable housing units. A vacant land adjustment analysis undertaken for the 4th Round indicates the Borough has a zero-unit RDP. Irrespective of that, the Borough shall designate a site at 10 Mountainview Road as an inclusionary development site. This 18.8-acre parcel is presently developed with an office building. this site and prepare a redevelopment plan calling for the site's redevelopment for inclusionary development at a density of 7 units per acre which is consistent with the surrounding multi-family residential densities. This would result in a total of 132 dwelling units on-site including 26 affordable units. Details associated with this site's redevelopment as an inclusionary development with a 20 percent set-aside for affordable housing are set forth in the body of this report.""]"
Upper Saddle River,10 Mountainview Road (AH-6 District),"10 Mountainview Road, Upper Saddle River, NJ 07458",1002,2,18.85,inclusionary-rezoning,office/commercial,AH-6,7.2,,,20.0,for-sale,adopted-ordinance,,medium,needs-human-review,https://usrtoday.org/DocumentCenter/View/1034/Intro-Ord8-26-USR-New-AH-6-10-Mtn-View?bidId=,,2026,"Ordinance 08-26 created AH-6 district. Block 1002 Lot 2 confirmed via NJParcels. 18.85 acres; 7.2 du/ac max density; 20% affordable set-aside; minimum lot area 18 acres. Currently a vacant 3-story office building (193,332 SF). Being auctioned as of August 2025."
Upper Saddle River,Off-site Affordable Units (Block 1016),,1016,"2, 3, 4, 6",,municipal,,,,25,25,100.0,,adopted-ordinance,,medium,needs-human-review,https://ecode360.com/36972719,,,"Borough-owned parcels (Block 1016, Lots 2, 3, 4, 6) to receive 25 off-site affordable units concurrent with Block 601 townhouse development. Referenced in AH-5 ordinance provisions."
Upper Saddle River,AH-5 District (Commons / Block 601),,601,1.01 (proposed),38.65,inclusionary-rezoning,,AH-5,6.05,,47,,for-sale,adopted-ordinance,,medium,needs-human-review,https://ecode360.com/36972719,,,"Block 601, Proposed Lot 1.01; 38.65 acres; max 6.05 du/ac; 47 affordable units required, 25 to be built off-site on Block 1016 Lots 2, 3, 4, 6 (municipally-owned). Third round AH-5 district; referenced in 4th round HEFSP. Townhouse development."
Waldwick,AHO-1 Affordable Housing Overlay Zone-1 (Downtown / VC-3 zone),"Central business district, near Waldwick NJ Transit station, Waldwick, NJ",,,,inclusionary_overlay,VC-3 Zone and portion of VC-2 Zone (east side of NJ Transit tracks),"AHO-1 Affordable Housing Overlay Zone-1 (multifamily/mixed-use; 15 du/acre, 20% sale / 15% rental set-aside)",15.0,,,20.0,mixed,proposed_ordinance,,high,verified,https://library.njcourts.gov/files/civil/affordable-housing/bergen/waldwick-boro/WaldwickHEFSPFINALAdopted.pdf?VersionId=VraZQ9yYosesyVakczqPABhQJMyBtTed,30-31,2025-06-23,"Unmet Need mechanism for 159-unit unmet need. Existing max density 10 du/acre; proposed 15 du/acre (50% increase). Set-aside: 20% ownership / 15% rental. No specific block/lot identified — covers entire VC-3 zone and portion of VC-2 zone east of NJ Transit tracks. [src quote: ""The AHO-1 Affordable Housing Overlay Zone-1 is proposed to cover the existing VC-3 zone and a portion of the VC-2 Zone on the east side of the New Jersey Transit railroad tracks. Within the AHO-1 Zone, the following standards shall apply: ... The minimum affordable housing set-aside shall be 20% of the dwelling units in the development, except that the minimum set-aside shall be 15% where [rental units].""]"
Waldwick,AHO-2 Overlay Zone,,101,6.01,,overlay,,AHO-2,,,,20.0,,adopted-ordinance,,low,needs-human-review,https://www.waldwicknj.gov/media/departments/administration/Affordable%20Housing/Waldwick%20HEFSP-FINAL%20ADOPTED%206-23-25.pdf,,2025,AHO-2 zone includes two properties near CBD: Block 101 Lot 6.01 and Block 109.02 Lot 6.04. Mixed-use development permitted. Minimum affordable set-aside 20% (15% if rental). Specific unit counts not found.
Waldwick,AHO-2 Affordable Housing Overlay Zone-2,"North side Wyckoff Ave (between Harrison Ave and Walter Hammond Place) and Hamilton Square (west side Franklin Turnpike north of North Street), Waldwick, NJ",101 / 109.02,6.01 / 6.04,,inclusionary_overlay,Shopping center (existing max 10 du/acre),"AHO-2 Affordable Housing Overlay Zone-2 (multifamily/mixed-use; 15 du/acre, 20% sale / 15% rental set-aside)",15.0,,,20.0,mixed,prior_ordinance_18-2018,,high,verified,https://library.njcourts.gov/files/civil/affordable-housing/bergen/waldwick-boro/WaldwickHEFSPFINALAdopted.pdf?VersionId=VraZQ9yYosesyVakczqPABhQJMyBtTed,31,2025-06-23,"Two shopping center properties: (1) north side Wyckoff Avenue between Harrison Avenue and Walter Hammond Place, and (2) Hamilton Square shopping center on west side Franklin Turnpike north of North Street. Ordinance 18-2018 adopted Oct 9, 2018. No development yet. Unmet Need mechanism. [src quote: ""The AHO-2 Affordable Housing Overlay Zone-2 includes two properties located a short distance from the Borough's central business district, Block 101, Lot 6.01 and Block 109.02, Lot 6.04. ... The minimum affordable housing set-aside shall be 20 percent of the dwelling units in the development.""]"
Waldwick,Harrison Avenue Redevelopment,"Harrison Avenue, Waldwick, NJ",107,"1, 3, 5, 7, 8, 9, 10, 11",1.278,redevelopment,Condemnation area in need of redevelopment,"Inclusionary mixed-use redevelopment (max 33 du/acre, 15% rental / 20% ownership set-aside)",33.0,42,6,15.0,rental,redevelopment_plan_adopted,,high,verified,https://library.njcourts.gov/files/civil/affordable-housing/bergen/waldwick-boro/WaldwickHEFSPFINALAdopted.pdf?VersionId=VraZQ9yYosesyVakczqPABhQJMyBtTed,29,2025-06-23,"Site plan application for 42 units/6 affordable pending Planning Board review. Generates 6 rental units + 3 transit bonus = 9 total credits (Table 23). Partially addresses Fourth Round RDP of 5 units. HEFSP notes 5 RDP units addressed by non-age-restricted rental units from 1 Franklin Turnpike and Harrison Ave combined. [src quote: ""Harrison Avenue Redevelopment – Block 107, Lots 1, 3, 5, 7, 8, 9, 10 and 11. In March 2024, the Mayor and Council of the Borough of Waldwick directed the Planning Board to undertake a condemnation area in need of redevelopment study for Block 107. The Planning Board recommended that the study area be designated as a condemnation area in need of redevelopment, and the Mayor and Council concurred with the Planning Board's recommendation. A redevelopment plan was subsequently prepared and adopted for a portion of the study area with an area of 1.278 acres. The redevelopment plan includes a maximum density of 33 units per acre and requires a minimum of 15 percent of all rental units or 20 percent of all ownership units within the redevelopment plan area to be set aside for low- and moderate-income households. A site plan application has been filed with the Planning Board for an inclusionary mixed-use development with 42 dwelling units, including six affordable units. The application is in the process of being reviewed by the Planning Board.""]"
Waldwick,AHO-2 Overlay Zone (second parcel),,109.02,6.04,,overlay,,AHO-2,,,,20.0,,adopted-ordinance,,low,needs-human-review,https://www.waldwicknj.gov/media/departments/administration/Affordable%20Housing/Waldwick%20HEFSP-FINAL%20ADOPTED%206-23-25.pdf,,2025,Second parcel in AHO-2 zone per HEFSP snippet. Located near CBD. Mixed-use permitted. Specific unit counts not found.
Waldwick,Life Opportunities Unlimited Group Home,"Waldwick, NJ",134.01,9,,group_home,,Supportive/special needs housing (completed 2023),,,4,100.0,rental,completed,Life Opportunities Unlimited,high,verified,https://library.njcourts.gov/files/civil/affordable-housing/bergen/waldwick-boro/WaldwickHEFSPFINALAdopted.pdf?VersionId=VraZQ9yYosesyVakczqPABhQJMyBtTed,29,2025-06-23,"4-bedroom group home, opened 2023. Generates 4 bedrooms + 4 supportive/special needs bonus = 8 total credits (Table 23). [src quote: ""Life Opportunities Unlimited – Block 134.01, Lot 9. This property is a group home occupied by persons with intellectual and developmental disabilities which opened in 2023. A total of four resident bedrooms are included in the development.""]"
Waldwick,BCUW/Madeline Housing Partners Group Home,"Waldwick, NJ",163.16,18.01,,group_home,,Supportive/special needs housing (under construction),,,8,100.0,rental,approved_under_construction,BCUW/Madeline Housing Partners,high,verified,https://library.njcourts.gov/files/civil/affordable-housing/bergen/waldwick-boro/WaldwickHEFSPFINALAdopted.pdf?VersionId=VraZQ9yYosesyVakczqPABhQJMyBtTed,29,2025-06-23,"8-bedroom group home for persons with intellectual/developmental disabilities. Approved 2022, under construction as of HEFSP. Generates 8 bedrooms + 8 supportive/special needs bonus = 16 total credits (Table 23). [src quote: ""BCUW/Madeline Housing Partners – Block 163.16, Lot 18.01. This project involves the construction of a two-story group home occupied by persons with intellectual and developmental disabilities. A total of eight bedrooms are included in the development. It was approved by the Planning Board in 2022 and is currently under construction.""]"
Waldwick,1 Franklin Turnpike,"1 Franklin Turnpike, Waldwick, NJ",18.01,17,,inclusionary_approved,,Multifamily residential (completed 2022),,11,2,18.0,rental,completed,,high,verified,https://library.njcourts.gov/files/civil/affordable-housing/bergen/waldwick-boro/WaldwickHEFSPFINALAdopted.pdf?VersionId=VraZQ9yYosesyVakczqPABhQJMyBtTed,29,2025-06-23,"Completed 2022. Zoning Board approved 2021. Generates 2 affordable units + 1 transit bonus = 3 total credits (Table 23). Non-age-restricted rental units. Partially addresses Fourth Round RDP of 5 units. [src quote: ""1 Franklin Turnpike – Block 18.01, Lot 17. The Zoning Board of Adjustment approved this development in 2021 and its construction was completed in 2022. The project consists of a building containing 11 multi-family residential units, including two affordable units.""]"
Waldwick,AHO-4 Overlay Zone (Block 301 Lot 3.05),,301,3.05,,overlay,,AHO-4,,,,,,adopted-ordinance,,low,needs-human-review,https://www.waldwicknj.gov/media/departments/administration/Affordable%20Housing/03-05-2026--Waldwick-HEFSP-FEB-2026-amendment-ADOPTED-3-10-26.pdf,,2026-03-10,"AHO-4 created to address Borough's Fourth Round unmet need per search result snippet. Block 301, Lot 3.05. Specific unit counts, density, and acreage not stated in search results."
Wallington,2 & 34 Midland Avenue,"2 & 34 Midland Avenue, Wallington, NJ",26.02,"14, 15",1.571,inclusionary_overlay,Commercial (granite/tile company; contaminated),Inclusionary redevelopment / rezoning (22.3 du/acre),22.3,35,7,20.0,rental,proposed_rezoning,,high,verified,https://library.njcourts.gov/files/civil/affordable-housing/bergen/wallington-boro/WallingtonHousingElement4thRoundAdoptedR4170.1020250630.pdf?VersionId=bhpODaWHmNFPaLGtSINO_C6x7ro62vFV,39,2025-06-30,"Known contaminated site per NJDEP. Flood plain along westerly property line (Passaic River). At least 1.0 acres of buildable area. Borough intends to investigate as potential redevelopment area. 7 credits / 0 bonus = 7 total credits (Table 25). [src quote: ""2 & 34 Midland Avenue, Block 26.02, Lots 14 & 15. Located directly across the street from 1 Midland Avenue this is a 1.571 acre parcel that is occupied by a granite and tile company with outdoor storage secured by an 8-foot slatted fence that creates a visual block along the street. ... It is the Borough's intention to rezone the parcel for inclusionary development for a total of 35 units 7 of will be affordable to low and moderate income families.""]"
Wallington,67 Paterson Avenue,"67 Paterson Avenue, Wallington, NJ",28,13,0.741,inclusionary_approved,,Townhouse inclusionary (approved; 13.5 du/acre),13.5,10,2,20.0,ownership,approved,"67 Paterson Avenue, LLC",high,verified,https://library.njcourts.gov/files/civil/affordable-housing/bergen/wallington-boro/WallingtonHousingElement4thRoundAdoptedR4170.1020250630.pdf?VersionId=bhpODaWHmNFPaLGtSINO_C6x7ro62vFV,39,2025-06-30,"Approved project per Table 25 (*). Table 25 also references Lots 13-15 for this site. Resolution of approval in appendix. Developer: 67 Paterson Avenue LLC. Applicant required to set aside 2 units restricted to eligible persons under NJ affordable housing regulations. 2 credits / 0 bonus = 2 total credits. [src quote: ""67 Paterson Avenue, Block 28, Lot 13. The Borough approved a 10 unit townhouse development that will yield 2 affordable units. Resolution of approval is attached to the appendices.""]"
Wallington,434 Main Avenue,"434 Main Avenue, Wallington, NJ",70.01,4.01,3.5,inclusionary_overlay,MUAH Zone (Mixed-Use Affordable Housing Zone proposed),MUAH Zone / inclusionary multifamily (21.4 du/acre),21.4,70,14,20.0,mixed,proposed_rezoning,,high,verified,https://library.njcourts.gov/files/civil/affordable-housing/bergen/wallington-boro/WallingtonHousingElement4thRoundAdoptedR4170.1020250630.pdf?VersionId=bhpODaWHmNFPaLGtSINO_C6x7ro62vFV,41,2025-06-30,"Zone identified as MUAH (Mixed-Use Affordable Housing Zone) in ordinance appendix for Block 70.01 Lot 4.01. 14 credits / 0 bonus = 14 total credits (Table 25). [src quote: ""434 Main Avenue (Bl 70.01/L 4.01): 70 total units, 14 affordable units, 0 bonus credits, 14 total credits, 3.50 acres, 21.4 du/acre.""]"
Wallington,380 Mount Pleasant Avenue (AR-2 Zone),"380 Mount Pleasant Avenue, Wallington, NJ 07057",70.01,78,,inclusionary-rezoning,,AR-2,,275,48,18.0,rental,adopted-ordinance,Wallington Real Estate Investment Trust,medium,needs-human-review,https://ecode360.com/WA1327/laws/LF1334595.pdf,,,"AR-2 zone at 380 Mount Pleasant Ave; Block 70.01 Lot 78. Min 269 / max 275 total units; 48 affordable (18% approx). Mixed market-rate and affordable rental; includes family, senior, and alternative living units. Adjacent to Wesmont NJ Transit commuter rail station. Developer has applied for preliminary and final site plan approval. Set-aside ~17.5% (48/275); sources round to 18%."
Wallington,350 Mount Pleasant Avenue (Latex Redevelopment Zone),"350 Mount Pleasant Avenue, Wallington, NJ",70.01,80,9.67,redevelopment,Latex Redevelopment Zone (LRAZ; Borough-owned; remediated),"Latex Redevelopment Zone — redevelopment plan to permit 140 units, no less than 20% affordable",14.5,140,28,20.0,rental,redevelopment_area_designated,,high,verified,https://library.njcourts.gov/files/civil/affordable-housing/bergen/wallington-boro/WallingtonHousingElement4thRoundAdoptedR4170.1020250630.pdf?VersionId=bhpODaWHmNFPaLGtSINO_C6x7ro62vFV,40-41,2025-06-30,"Borough-owned. Remediated to residential standard. Designated area in need of redevelopment (Resolution 2023-76). Redevelopment plan adopted for LRAZ. Transit bonus: within 1/2 mile of Wood Ridge Rail Station — generates 23 bonus credits (capped at 25% of 92-unit obligation). 28 affordable + 23 bonus = 51 total credits (Table 25). Redevelopment plan appendix also identifies Block 70, Lots 1.01, 404 and 80 / Block 70.01 Lots 2, 80, 1.01, 1.02, 4.02, 4.03, 4.04 in expanded study area. [src quote: ""350 Mount Pleasant Avenue, Block 70.01, Lot 80. This a 9.67 acre site owned by the Borough of Wallington. The property has been remediated to a residential standard from its earlier condition of contamination and has been designated an area in need of redevelopment by the Borough. As a redevelopment site nearly abutting the Wood Ridge Rail Station, the site is ideally suited to inclusionary development. It is the intention of the Borough to adopt a redevelopment plan to permit the development of 140 units of which 28 units will be designated for low and moderate income families.""]"
Wallington,Spring Street Residences (35 Spring Street),"35 Spring Street, Wallington, NJ 07057",70.05,8.01,1.5,100pct-affordable,,,,8,8,100.0,rental,built,"Wallington Homes, LLC",low,needs-human-review,https://library.njcourts.gov/files/civil/affordable-housing/bergen/wallington-boro/WallingtonHousingElement4thRoundAdoptedR4170.1020250630.pdf?VersionId=bhpODaWHmNFPaLGtSINO_C6x7ro62vFV,,2025-06-30,"1.5-acre parcel formerly occupied by abandoned pool facility. 8 family apartments (1-, 2-, 3-bedroom), very-low/low/moderate-income rental. Described as completed. Block/lot from HEFSP synthesis; specific figures from search result summary - verify against primary document."
Wallington,1 Midland Avenue,"1 Midland Avenue, Wallington, NJ",71,1,2.94,inclusionary_overlay,Industrial/factory (contaminated; MAAH-1 Zone proposed),MAAH-1 Zone / Midland Avenue Affordable Housing Zone (inclusionary; 23.8 du/acre),23.8,70,14,20.0,rental,proposed_rezoning,,high,verified,https://library.njcourts.gov/files/civil/affordable-housing/bergen/wallington-boro/WallingtonHousingElement4thRoundAdoptedR4170.1020250630.pdf?VersionId=bhpODaWHmNFPaLGtSINO_C6x7ro62vFV,38-40,2025-06-30,"Known contaminated site per NJDEP. Flood plain along easterly property line (Saddle River). Approximately 2.5 acres of buildable area. Borough also authorized Planning Board to investigate as area in need of redevelopment under LRHL. Zone identified as MAAH-1 in ordinance appendix. 14 credits / 0 bonus = 14 total credits (Table 25). [src quote: ""1 Midland Avenue, Block 71, Lot 1. This 2.94 acre site is an old factory complex that is occupied by failing structures, debris and vehicle storage. ... It is the Borough's intention to rezone the parcel for inclusionary development for a total of 70 units of which 14 will be affordable to low and moderate income families.""]"
Wallington,95-99 Midland Avenue,"95-99 Midland Avenue, Wallington, NJ",71,"13, 14",1.139,inclusionary_approved,MAAH-2 Zone (Midland Avenue Affordable Housing Zone-2),Inclusionary multifamily (approved; 15.8 du/acre),15.8,18,4,22.0,rental,approved,,high,verified,https://library.njcourts.gov/files/civil/affordable-housing/bergen/wallington-boro/WallingtonHousingElement4thRoundAdoptedR4170.1020250630.pdf?VersionId=bhpODaWHmNFPaLGtSINO_C6x7ro62vFV,38,2025-06-30,"Approved project per Table 25 (*). Resolution of approval included in appendix. Zone identified as MAAH-2 in ordinance appendix (Block 71 Lots 13-14). 4 credits / 0 bonus = 4 total credits. [src quote: ""95-99 Midland Avenue, Block 71, Lots 13-14. This is an 18 unit inclusionary multifamily development that will yield 4 affordable units. Resolution of approval is attached to the appendices.""]"
Wallington,Morningside / New Wallington Homes Site (Block 71),,71,35,,inclusionary-rezoning,,,,,,,,,"Morningside/New Wallington Homes, LLC",low,needs-human-review,https://library.njcourts.gov/files/civil/affordable-housing/bergen/wallington-boro/WallingtonHousingElement4thRoundAdoptedR4170.1020250630.pdf?VersionId=bhpODaWHmNFPaLGtSINO_C6x7ro62vFV,,2025-06-30,"Settlement agreement between Borough and Morningside/New Wallington Homes, LLC referenced in HEFSP context. Property identified as Block 71 Lot 35. Unit counts, acreage, and mechanism not stated in search results - lead only."
Washington Township,Franklin Court / 283 Van Emburgh Avenue (prior round rental),"283 Van Emburgh Avenue, Washington Township, NJ",1102,"1.04, 2, 11",,100% affordable (family rental),,,,,7,,rental,under construction (as of plan adoption 2025),,high,verified,https://library.njcourts.gov/files/civil/affordable-housing/bergen/washington-twp/MCResolutionwithadoptedHEFSP.pdf?VersionId=LrULyjlsSMsfMCzn7kuN0Mq9PFpQ8VBF,Section 4.1 / Table 2 and site analysis appendix,2025-06-18,"Prior Round (1987-1999) compliance site; 7 family rental affordable units. Under construction as of plan adoption. [src quote: ""Block(s) and Lot(s): Block 1102, Lots 1.04, 2 and 11 and part of 9 ... Number of Affordable Units: 7 Units""]"
Washington Township,660 Pascack Road (AH-2 Zone) – 4th Round Site,"660 Pascack Road, Washington Township, NJ",2110,"1, 6, 7, 8, 9, 10, 11",2.14,inclusionary (new AH-2 Affordable Housing District rezoning),,AH-2 Affordable Housing District,13.5,32,7,20.0,sale,"zoning ordinance adopted (Ord. 26-02, March 2026); not yet constructed",,high,verified,https://library.njcourts.gov/files/civil/affordable-housing/bergen/washington-twp/OrdinancesandLettertoJudgePadovano3.17.26.pdf?VersionId=_3zc_806w8x4H1Uo716u9OxPw1OcmJaj,Section 4 (§580-38.3) of Ordinance No. 26-02,2026-03-17,"HEFSP Table 4 originally showed 28 units/6 AH for 660 Pascack; implementing ordinance (March 2026) finalized 32 units/7 AH. Located at NW corner of Pascack Rd and Washington Ave. Currently vacant/commercial. [src quote: ""The AH-2 Zone is designed to permit inclusionary townhouse development of up to 32 total units including a minimum of 7 affordable housing units on Block 2110 Lot 1 and Lots 6-11.""]"
Washington Township,370 Pascack Road (AH-1 Zone) – 4th Round Site,"370 Pascack Road, Washington Township, NJ",2329,2,5.16,inclusionary (new AH-1 Affordable Housing District rezoning),,AH-1 Affordable Housing District,14.0,72,15,20.0,sale,"zoning ordinance adopted (Ord. 26-02, March 2026); not yet constructed",,high,verified,https://library.njcourts.gov/files/civil/affordable-housing/bergen/washington-twp/OrdinancesandLettertoJudgePadovano3.17.26.pdf?VersionId=_3zc_806w8x4H1Uo716u9OxPw1OcmJaj,Section 3 (§580-38.2) of Ordinance No. 26-02,2026-03-17,"HEFSP originally described as 370 Pascack Road / 72 units / 15 AH. Ordinance confirms block/lot. 4.9 ac minimum lot area. Located on westerly side of Pascack Road south of Crest Place; site currently has a bank building. [src quote: ""The AH-1 Zone is designed to permit inclusionary townhouse development of up to 72 total units including a minimum of 15 affordable housing units on Block 2329 Lot 2.""]"
Washington Township,"VFW / 639 Jefferson Street (Habitat for Humanity, prior round)","639 Jefferson Street, Washington Township, NJ",3103,25,,"100% affordable (senior sales, Habitat for Humanity)",,,,,4,,sale,completed,Habitat for Humanity,high,verified,https://library.njcourts.gov/files/civil/affordable-housing/bergen/washington-twp/MCResolutionwithadoptedHEFSP.pdf?VersionId=LrULyjlsSMsfMCzn7kuN0Mq9PFpQ8VBF,Section 4.1 / site analysis appendix,2025-06-18,"Prior round site; 4 senior sale units via Habitat for Humanity. Completed. [src quote: ""Block(s) and Lot(s): Block 3103, Lot 25 ... Number of Affordable Units: 4 Units""]"
Westwood,106 Old Hook Road (inclusionary ZBA approval),"106 Old Hook Road, Westwood, NJ",1802,25,,inclusionary (mandatory set-aside / use variance),,,,,1,,,"ZBA approved, construction not yet begun",,high,verified,https://library.njcourts.gov/files/civil/affordable-housing/bergen/westwood-boro/FinalHousingElementandFairSharePlanPart1.pdf?VersionId=.SHGAiHtu3A71l_RBa_IpCzAJu2E0ckB,Section 4.4,2025-06-12,"One affordable unit via mandatory set-aside ordinance. ZBA approval obtained; construction pending as of plan adoption. [src quote: ""Westwood's Zoning Board has approved an inclusionary housing development at 106 Old Hook Road. This development will produce one affordable housing unit. Although approved, construction has yet to begin at this property designated as Block 1802 Lot 25.""]"
Westwood,RW-RM Overlay Zone (easterly area),"Eastern portion of Westwood, RW zone","2001, 2003, 2210","62; 2; 1, 3.01",2.2,inclusionary overlay,RW (Retail/Wholesale District),RW-RM (Retail Wholesale - Residential Multifamily Affordable Housing Overlay Zone),20.0,,,15.0,rental,overlay ordinance adopted (Ord 267),,high,verified,https://library.njcourts.gov/files/civil/affordable-housing/bergen/westwood-boro/FinalHousingElementandFairSharePlanPart1.pdf?VersionId=.SHGAiHtu3A71l_RBa_IpCzAJu2E0ckB,Section 4.4 / Appendix A-6 / Settlement Agreement (Court Order 9/6/2018),2025-06-12,"Set-aside is 15% rental / 20% for-sale. ~2.2 acres in RW zone in easterly part of Borough. Overlay ordinance (Ord 267) already adopted. [src quote: ""Block 2001, Lot 62; Block 2003, Lot 2; and Block 2210, Lots 1 and 3.01, permitting a density of 20 units per acre and requiring a 15 percent affordable housing set-aside for rental units and a 20 percent affordable housing set-aside for for-sale units.""]"
Westwood,LB-RM Overlay Zone (Broadway corridor),"Broadway, Westwood, NJ (LB-1 zone)",701,"1, 2, 3, 4, 5, 6, 7, 8, 10, 11, 12, 13, 16",6.52,inclusionary overlay,LB-1 (Limited Business District 1),LB-RM (Limited Business - Residential Multifamily Affordable Housing Overlay Zone),20.0,,,15.0,rental,overlay ordinance adopted (Ord 266),,high,verified,https://library.njcourts.gov/files/civil/affordable-housing/bergen/westwood-boro/FinalHousingElementandFairSharePlanPart1.pdf?VersionId=.SHGAiHtu3A71l_RBa_IpCzAJu2E0ckB,Section 4.4 / Appendix A-5 / Settlement Agreement (Court Order 9/6/2018),2025-06-12,"Set-aside is 15% rental / 20% for-sale. Total units not specified in plan; density is 20 du/ac. ~6.52 acres in LB-1 zone along Broadway. Overlay ordinance (Ord 266) already adopted. [src quote: ""An overlay zone for a portion of the LB-1 Zone, inclusive of Block 701, Lots 1 thru 8 and 10 thru 16, permitting residential development at a density of 20 units per acre and an affordable set-aside of 15% for rental units and 20% for for-sale units.""]"
Westwood,Irvington Street and Broadway (under construction),"Irvington Street and Broadway, Westwood, NJ",802,"1, 2",,inclusionary (mandatory set-aside / use variance),,,,,1,,,"ZBA approved, under construction",,high,verified,https://library.njcourts.gov/files/civil/affordable-housing/bergen/westwood-boro/FinalHousingElementandFairSharePlanPart1.pdf?VersionId=.SHGAiHtu3A71l_RBa_IpCzAJu2E0ckB,Section 4.4,2025-06-12,"One affordable unit, under construction as of plan adoption date. [src quote: ""Westwood's Zoning Board has approved the construction of an inclusionary development located at Irvington Street and Broadway and designated on the borough tax map as Block 802 Lots 1 & 2. This development, currently under construction, will produce an additional 1-unit of affordable housing.""]"
Wood-Ridge,Avalon Bay at Wesmont Station,"100 Rosie Square, Wood-Ridge, NJ",,,,redevelopment (Wesmont Station/Curtiss-Wright site),,,,,47,,rental,constructed and occupied,Avalon Bay,high,verified,https://library.njcourts.gov/files/civil/affordable-housing/bergen/wood-ridge-boro/WoodRidgeHEFSPFINALADOPTEDJune32025.pdf?VersionId=Zh18Xdo.4hSEaXPWDQT_FGWAitOrSgmb,Page 23 / Table 21,2025-06-03,"Existing affordable units credited to 2nd/3rd round and now applied toward 4th round unmet need. No block/lot listed in plan for this redevelopment site. [src quote: ""Avalon Bay Complex, 100 Rosie Square, 2012, 47 [units]""]"
Wood-Ridge,The Willows at Wesmont Station (Ingerman),"100 Johnson Drive, Wood-Ridge, NJ",,,,redevelopment (Wesmont Station/Curtiss-Wright site),,,,,104,,rental,constructed and occupied,Ingerman,high,verified,https://library.njcourts.gov/files/civil/affordable-housing/bergen/wood-ridge-boro/WoodRidgeHEFSPFINALADOPTEDJune32025.pdf?VersionId=Zh18Xdo.4hSEaXPWDQT_FGWAitOrSgmb,Page 23 / Table 21,2025-06-03,"Existing affordable units credited to 2nd/3rd round and applied toward 4th round unmet need. No block/lot listed in plan. [src quote: ""The Willows at Wesmont Station/ Ingerman, 100 Johnson Drive, 2015, 104 [units]""]"
Woodcliff Lake,126 Broadway,"126 Broadway, Woodcliff Lake, NJ",,,,inclusionary,,,,8,2,,rental,site plan pending approval,,high,verified,https://library.njcourts.gov/files/civil/affordable-housing/bergen/woodcliff-lake-boro/FINALWCLK4thRoundPlanAmendment3.16.26wappendicesred1.pdf?VersionId=mF1SyApauk8c7gbLur_pZZeF5nq_7591,Page 6 (126 Broadway section),2026-02-11,"2 affordable + 1 transit bonus = 3 credits toward RDP. Block/lot not specified in plan text. [src quote: ""126 Broadway. As stated in the Adopted HEFSP, eight (8) apartments have been approved at this property, inclusive of two (2) affordable units, which are eligible for 0.5 transit oriented bonus credits per affordable unit, for a total of one (1) bonus credit and a cumulative three (3) credits toward the RDP.""]"
Woodcliff Lake,240 Broadway (expanded redevelopment),"240 Broadway (with 258 and 264 Broadway), Woodcliff Lake, NJ",2601,"15, 16",,redevelopment,,Redevelopment Plan,,63,12,,rental,"redevelopment plan pending; originally LUB approved 41 units/7 AH January 28, 2025",,high,verified,https://library.njcourts.gov/files/civil/affordable-housing/bergen/woodcliff-lake-boro/FINALWCLK4thRoundPlanAmendment3.16.26wappendicesred1.pdf?VersionId=mF1SyApauk8c7gbLur_pZZeF5nq_7591,Page 5-6 (240 Broadway section),2026-02-11,"12 affordable + 6 transit bonus = 18 credits toward RDP. Adjacent to Woodcliff Lake NJ Transit rail station. [src quote: ""The developer has since gained control of adjacent properties at 258 and 264 Broadway, and now includes the totality of Lots 15 and 16 on Block 2601. The Borough will proceed with a redevelopment plan which will permit a total of 63 dwelling units on the newly expanded tract, which will include 12 affordable units.""]"
Woodcliff Lake,"Hilton Redevelopment (former Hilton Hotel, 200 Tice Boulevard)","200 Tice Boulevard, Woodcliff Lake, NJ",301,3.04,,redevelopment (formerly non-residential Hilton hotel),,"Redevelopment Plan (to be adopted by March 16, 2026)",,147,30,,sale,redevelopment plan pending adoption (per amendment plan),,high,verified,https://library.njcourts.gov/files/civil/affordable-housing/bergen/woodcliff-lake-boro/FINALWCLK4thRoundPlanAmendment3.16.26wappendicesred1.pdf?VersionId=mF1SyApauk8c7gbLur_pZZeF5nq_7591,Page 6 (Hilton Redevelopment section),2026-02-11,"30 for-sale affordable + 15 bonus = 45 credits toward RDP. Plan amendment notes this is the plan's for-sale component, satisfying 25% rental minimum requirement noted. [src quote: ""Hilton Redevelopment Plan. As stated in the Adopted HEFSP, a Redevelopment Plan will be adopted on or before March 16, 2026 which will permit the redevelopment of Block 301, Lot 3.04 (200 Tice Boulevard) to permit 147 housing units, of which 30 units will be affordable.""]"
Woodcliff Lake,100 Tice Boulevard (SIG 100 Tice / Party City building),"100 Tice Boulevard, Woodcliff Lake, NJ",301,3.05,12.9,inclusionary overlay (new zone per settlement with SIG 100 Tice),,"mixed-use overlay (townhouses, retail, age-restricted affordable)",,91,18,,rental,overlay ordinance to be adopted per settlement (March 2026 deadline),"SIG 100 Tice, LLC",high,verified,https://library.njcourts.gov/files/civil/affordable-housing/bergen/woodcliff-lake-boro/FINALWCLK4thRoundPlanAmendment3.16.26wappendicesred1.pdf?VersionId=mF1SyApauk8c7gbLur_pZZeF5nq_7591,Pages 8-9 and Program Settlement Recommendation,2026-02-11,"Settlement with SIG 100 Tice: 73 market-rate townhouses (25 age-targeted carriage units) + 18 affordable age-restricted apartments above ~20,000 sq ft retail. $300,000 contribution to AH trust fund. Counts toward unmet need. 18 age-restricted units are within 30% age-restricted cap. [src quote: ""Tice is the owner of a 12.9-acre property at 100 Tice Boulevard, a.k.a. Block 301, Lot 3.05... 100 Tice Boulevard. The Borough will adopt an ordinance permitting the creation of no more than 91 total units inclusive of no less than 18 age-restricted affordable units.""]"
Woodcliff Lake,BMW Redevelopment (former BMW Headquarters),"Block 602 Lot 1, Woodcliff Lake",602,1,,redevelopment (formerly non-residential BMW HQ),,"Redevelopment Plan (adopted July 21, 2025)",,370,74,,,"redevelopment plan adopted July 21, 2025; not yet constructed",,high,verified,https://library.njcourts.gov/files/civil/affordable-housing/bergen/woodcliff-lake-boro/FINALWCLK4thRoundPlanAmendment3.16.26wappendicesred1.pdf?VersionId=mF1SyApauk8c7gbLur_pZZeF5nq_7591,Page 6 (BMW Redevelopment section),2026-02-11,"34 family AH units + 10 redevelopment bonus credits = 44 credits toward RDP; 4 supportive housing units also toward RDP; 36 remaining supportive units toward unmet need. Total 48 RDP credits + 36 unmet need credits from this site. [src quote: ""BMW Redevelopment. The Borough adopted a Redevelopment Plan on July 21, 2025 for the former BMW Headquarters property at Block 602, Lot 1, which permits 370 units inclusive of 34 affordable family units and 40 supportive housing units, for a combined 74 affordable units.""]"
Woodcliff Lake,THOH Townhouse Overlay Zone (88 Overlook Drive),"88 Overlook Drive, Woodcliff Lake, NJ",908,2,,inclusionary overlay,,THO Townhouse Overlay Zone,,,4,20.0,sale,overlay zone created 2022; not yet constructed,,high,verified,https://library.njcourts.gov/files/civil/affordable-housing/bergen/woodcliff-lake-boro/FINALWCLK4thRoundPlanAmendment3.16.26wappendicesred1.pdf?VersionId=mF1SyApauk8c7gbLur_pZZeF5nq_7591,Page 7 (THOII Overlay section),2026-02-11,"Counts toward unmet need satisfaction, not RDP. 20% set-aside, ~4 affordable units anticipated. [src quote: ""THOII Overlay. The THO Townhouse Overlay Zone, created in 2022 on Block 908, Lot 2 (88 Overlook Drive), will be credited towards the unmet need. The Plan anticipates a yield of four affordable (4) units at full build-out based upon a 20% affordable housing set-aside.""]"
Wyckoff,ECCR Group Home – 832 Mountain Avenue (3rd Round RDP),"832 Mountain Avenue, Wyckoff, NJ",,,,"100% affordable (group home, special needs)",,,,5,5,,rental,completed,Eastern Christian Children's Retreat (ECCR),high,verified,https://library.njcourts.gov/files/civil/affordable-housing/bergen/wyckoff-twp/20250625231737.pdf,Page 20 (ECCR Group Home narrative),2025-06-25,"5-bedroom special needs group home. Occupants aged 18+. Credits = 5 (one per bedroom). RDP contribution = 5 credits. Block/lot not provided in HEFSP text; address is 832 Mountain Avenue. Approved in 3rd round Judgment of Repose. [src quote: ""A five (5) bedroom group home is at 832 Mountain Avenue. It is operated by Eastern Christian Children's Retreat (ECCR), which also operates three (3) other group homes in Wyckoff (that were credited to the Prior Round). Despite its name, all the occupants of the ECCR facilities are aged 18 and over. This group home will yield 5 credits, one for each bedroom. ... Construction is complete.""]"
Wyckoff,CHCC Evergreen Court (RDP portion – 6 senior rental units) (3rd Round RDP),"Christian Health Care Center campus, Wyckoff, NJ",,,,affordability control extension (30-year UHAC deed restriction on 24 existing independent living units),,,,24,6,,rental,completed (deed restrictions placed),Christian Health Care Center (CHCC),high,verified,https://library.njcourts.gov/files/civil/affordable-housing/bergen/wyckoff-twp/20250625231737.pdf,Page 21 (CHCC Evergreen Court narrative),2025-06-25,"24 total units; 6 counted toward RDP (senior cap = 25% of 46 RDP = 11, but only 6 claimed for RDP). Remaining 18 available for unmet need. Exchange for allowing CHCC Vista project (market-rate age-restricted) on campus. Block/lot not specified in HEFSP text. Approved in 3rd round Judgment of Repose. [src quote: ""The Township has negotiated with Christian Health Care Center (CHCC) to place new UHAC-compliant 30 year deed restrictions on 24 units of independent living senior citizens housing on which the prior HUD contract has expired. ... Based on a 46 unit RDP, a maximum of 11 of these units could be credited, but the Township will be claiming credit for only 6 age-restricted units to maintain the required ratio of family and non-family (age-restricted and group home) units in its Plan. The remaining units will help to address the Unmet Need.""]"
Wyckoff,168 & 174 Franklin Avenue (4th Round Unmet Need),"168 & 174 Franklin Avenue, Wyckoff, NJ",,,2.5,inclusionary (overlay rezoning for townhouses + single-family),,"inclusionary overlay, 4.5 du/ac, 20% for-sale / 15% rental set-aside",4.5,,,20.0,sale or rental,zoning strategy in adopted 4th round plan; ordinance to be adopted,,medium,verified,https://library.njcourts.gov/files/civil/affordable-housing/bergen/wyckoff-twp/20250625231737.pdf,Page 26 (168 & 174 Franklin Avenue narrative),2025-06-25,"Block/lot not specified in HEFSP text; identified by address only. 2.5 ac approx. Wetlands/flood hazard at rear. 4th round unmet need strategy. [src quote: ""This 2.5 ac. (approximately) area along Franklin Avenue is occupied by single-family homes in disrepair and is in a single-family neighborhood. While wetlands and flood hazard area impact the rear of the property, the property can accommodate inclusionary townhouses and single-family homes at a density of 4.5 du/ac and an affordable housing set-aside of 20% set-aside for for-sale units and a 15% set-aside for rental units.""]"
Wyckoff,B-1 District along Godwin Ave. and Franklin Ave. (4th Round Unmet Need),"Godwin Avenue and Franklin Avenue, Wyckoff, NJ",,,7.2,"inclusionary (district overlay, mixed-use multi-family/townhouse)",B-1 commercial district,"B-1 with inclusionary overlay, 10 du/ac, 20% set-aside",10.0,,,20.0,sale or rental,zoning strategy in adopted 4th round plan; ordinance to be adopted,,medium,verified,https://library.njcourts.gov/files/civil/affordable-housing/bergen/wyckoff-twp/20250625231737.pdf,Page 27 (B-1 District narrative),2025-06-25,"District-wide overlay; no specific block/lot in HEFSP text. Approximately 7.2 acres. 4th round unmet need strategy. [src quote: ""This 7.2 ac. (approximately) portion of the B-1 commercial district is occupied by various commercial uses and is proximate to other inclusionary districts as well as residential uses. Zoning will permit mixed-use inclusionary townhouses and multi-family development at a density of 10 du/ac and an affordable housing set-aside of 20% set-aside.""]"
Wyckoff,B-2 District along Godwin Ave. and Crescent Ave. (4th Round Unmet Need),"Godwin Avenue and Crescent Avenue, Wyckoff, NJ",,,4.64,"inclusionary (district overlay, mixed-use multi-family/townhouse)",B-2 commercial district,"B-2 with inclusionary overlay, 10 du/ac, 20% set-aside",10.0,,,20.0,sale or rental,zoning strategy in adopted 4th round plan; ordinance to be adopted,,medium,verified,https://library.njcourts.gov/files/civil/affordable-housing/bergen/wyckoff-twp/20250625231737.pdf,Pages 27-28 (B-2 District narrative),2025-06-25,"District-wide overlay; no specific block/lot in HEFSP text. Approximately 4.64 acres. 4th round unmet need strategy. [src quote: ""This 4.64 ac. (approximately) portion of the B-2 commercial district is occupied retail and commercial uses and is adjacent to single-family homes as well as commercial uses. Zoning will permit mixed-use inclusionary townhouses and multi-family development at a density of 10 du/ac and an affordable housing set-aside of 20% set-aside.""]"
Wyckoff,Goffle Road Expanded Area (4th Round Unmet Need),"Goffle Road area, Wyckoff, NJ",,,4.27,"inclusionary (overlay expansion, mixed-use multi-family/townhouse)",commercial/industrial,"inclusionary overlay expansion, 10 du/ac, 20% set-aside",10.0,,,20.0,sale or rental,zoning strategy in adopted 4th round plan; ordinance to be adopted,,medium,verified,https://library.njcourts.gov/files/civil/affordable-housing/bergen/wyckoff-twp/20250625231737.pdf,Page 29 (Goffle Road Expanded Area narrative),2025-06-25,"Expansion of existing 3rd round Chevrolet Dealership overlay area (Block 517 Lot 3.01 + Block 516 Lots 6.03/6.04). Block/lot not specified in HEFSP text for the expanded area. 4th round unmet need strategy. [src quote: ""This is a 4.27 ac. (approximately) area that is adjacent to an existing third round unmet need strategy. The property is occupied by various commercial and industrial uses. Zoning will permit mixed-use inclusionary townhouses and multi-family development at a density of 10 du/ac and an affordable housing set-aside of 20% set-aside.""]"
Wyckoff,"825 Wyndham Court – Block 203, Lot 3.04 (4th Round Unmet Need)","825 Wyndham Court, Wyckoff, NJ",203,3.04,4.0,inclusionary (overlay rezoning for townhouse and multi-family),commercial,"inclusionary overlay, 10 du/ac, 20% set-aside",10.0,,,20.0,sale or rental,zoning strategy in adopted 4th round plan; ordinance to be adopted,,high,verified,https://library.njcourts.gov/files/civil/affordable-housing/bergen/wyckoff-twp/20250625231737.pdf,Page 28 (825 Wyndham Court narrative),2025-06-25,"Currently commercial, adjacent to townhouses and single-family homes. Northern portion modestly impacted by flood hazard area. 4th round unmet need strategy. [src quote: ""825 Wyndham Court (Block 203, Lot 3.04): This 4.0 ac. (approximately) area is occupied by a commercial use but is adjacent to townhouses and single-family homes. While the northern portion modestly impacted by flood hazard area, the property can accommodate townhouse and multi-family development and will be zoned to permit a density of 10 du/ac and an affordable housing set-aside of 20% set-aside.""]"
Wyckoff,"139 Franklin Avenue – Block 208, Lots 76, 77 (4th Round Unmet Need)","139 Franklin Avenue, Wyckoff, NJ",208,"76, 77",6.55,inclusionary (overlay rezoning for townhouses + single-family),religious/institutional (Wyckoff Assembly of God),"inclusionary overlay, 8 du/ac, 20% set-aside",8.0,,,20.0,sale or rental,zoning strategy in adopted 4th round plan; ordinance to be adopted,,high,verified,https://library.njcourts.gov/files/civil/affordable-housing/bergen/wyckoff-twp/20250625231737.pdf,Pages 27-28 (139 Franklin Avenue narrative),2025-06-25,"Site is occupied by Wyckoff Assembly of God church. Adjacent to single-family homes. 4th round unmet need strategy. Note: plan also lists this as '439 Franklin Avenue' in the summary table (page 25); text on pages 27-28 uses '139 Franklin Avenue' with Block 208 Lots 76/77. [src quote: ""139 Franklin Avenue (Block 208, Lots 76, 77): This 6.55 ac. (approximately) site is occupied by Wyckoff Assembly of God. It is adjacent to single family development. Zoning will permit townhouses and single-family development at a density of 8 du/ac and an affordable housing set-aside of 20% set-aside.""]"
Wyckoff,"Block 216, Lots 13.08, 13.09, 13.10 – (formerly Lots 12.01 and 13.04) (3rd Round RDP)","Wyckoff, NJ (near Boulder Run Shopping Center area)",216,"13.08, 13.09, 13.10",2.39,"inclusionary (overlay, apartments over commercial)",,"inclusionary overlay, apartments above commercial, ~12-18 units",,,2,15.0,rental,zoned (3rd round); not yet constructed,,high,verified,https://library.njcourts.gov/files/civil/affordable-housing/bergen/wyckoff-twp/20250625231737.pdf,"Pages 19-20 (Block 216, Lots 13.08, 13.09, 13.10 narrative)",2025-06-25,"Originally 2 lots (12.01 and 13.04), assembled and re-subdivided into 3 single-family lots from 2008 settlement (Boulder Run Shopping Center). Single-family lots remain undeveloped across from Boulder Run. RDP contribution = 2-3 affordable units (plan counts 2 for RDP table). Approved in 3rd round Judgment of Repose. [src quote: ""Wyckoff will address a portion of its 46 unit RDP through the rezoning of Block 216, Lots 13.08, 13.09 and 13.10 (formerly Block 216, Lots 12.01 and 13.04), encompassing a total of 2.39 acres of land. ... It is currently anticipated that the yield would be about 12-18 apartment units, in addition to the ground floor commercial component, thus producing at least two (2) and perhaps as many as three (3) affordable rental units, using the 15 percent set-aside rate for affordable rental units.""]"
Wyckoff,"Block 216, Lots 17.01, 18, 19 – Greenwood Avenue (3rd Round RDP)","Greenwood Avenue, Wyckoff, NJ",216,"17.01, 18, 19",0.537,"inclusionary (overlay, mixed-use apartments + small commercial component)",,"inclusionary overlay, 12 du/ac",12.0,6,1,15.0,rental,zoned (3rd round); not yet constructed,,high,verified,https://library.njcourts.gov/files/civil/affordable-housing/bergen/wyckoff-twp/20250625231737.pdf,"Pages 19 (Block 216, Lots 17.01, 18, 19 narrative)",2025-06-25,"Three separately owned lots, total 23,400 sq ft / 0.537 ac. Owners have inquired about rezoning. RDP contribution = 1 affordable unit. Approved in 3rd round Judgment of Repose. [src quote: ""The Township will address a portion of its 46 unit RDP through the rezoning of Block 216, Lots 17.01, 18 and 19, on Greenwood Avenue. These lots, which are currently in separate ownership, total 23,400 square feet or .537 acres of land, with no environmental constraints. The zoning allows, if assembled, the lots could be developed with apartments at a density of 12 units per acre (perhaps along with a small commercial component), yielding a total of six (6) apartments, of which one (1) would be an affordable rental unit, based on a 15 percent set-aside rate for rental affordable units.""]"
Wyckoff,"500 West Main Street – Block 222, Lot 1.01 (4th Round Unmet Need)","500 West Main Street, Wyckoff, NJ",222,1.01,13.7,"inclusionary (overlay rezoning, mixed-use multi-family/townhouse)",commercial/industrial,"inclusionary overlay, 10 du/ac, 20% set-aside",10.0,,,20.0,sale or rental,zoning strategy in adopted 4th round plan; ordinance to be adopted,,high,verified,https://library.njcourts.gov/files/civil/affordable-housing/bergen/wyckoff-twp/20250625231737.pdf,Page 29 (500 West Main Street narrative),2025-06-25,"Large 13.7-acre commercial/industrial site adjacent to residential uses. 4th round unmet need strategy. [src quote: ""500 West Main Street (Block 222, Lot 1.01 This 13.7 ac. (approximately) area is occupied by various commercial and industrial uses, but adjacent uses include single-family homes, townhouses and industrial uses. Zoning will permit mixed-use inclusionary townhouses and multi-family development at a density of 10 du/ac and an affordable housing set-aside of 20% set-aside.""]"
Wyckoff,"United Way/Madeline Group Home – Block 238, Lot 2 / 370 Clinton Avenue (3rd Round RDP)","370 Clinton Avenue, Wyckoff, NJ",238,2,,"100% affordable (group home, special needs)",,,,6,6,,rental,completed,United Way/Madeline Corporation,high,verified,https://library.njcourts.gov/files/civil/affordable-housing/bergen/wyckoff-twp/20250625231737.pdf,Page 20 (United Way/Madeline narrative),2025-06-25,"6-bedroom group home on Township-owned land. Credits = 6 (one per bedroom). RDP contribution = 6 credits. Constructed. Approved in 3rd round Judgment of Repose. [src quote: ""The Township has been working with United Way/Madeline Corporation to fund the establishment of a new six (6) bedroom group home on Block 238, Lot 2, a lot located at 370 Clinton Avenue and owned by the Township of Wyckoff. The development is constructed. The Township receives 6 credits, one for each bedroom, from this development.""]"
Wyckoff,"Block 259, Lots 1 & 2 – Franklin Avenue (3rd Round RDP)","Franklin Avenue, Wyckoff, NJ",259,"1, 2",3.35,"inclusionary (overlay, mixed-use with ground floor retail + upper residential)",,"inclusionary residential overlay, 12 du/ac",12.0,22,3,15.0,rental,zoned (3rd round); not yet constructed,,high,verified,https://library.njcourts.gov/files/civil/affordable-housing/bergen/wyckoff-twp/20250625231737.pdf,"Pages 17-18 (Satisfaction of the RDP / Block 259, Lots 1, 2 narrative)",2025-06-25,"Block 259 Lot 2 is a gas station; Lot 1 is the larger adjacent parcel. Together 3.35 acres, 1.85 acres unconstrained (wetlands on portion). RDP contribution = 3 affordable units. Approved in 3rd round Judgment of Repose. [src quote: ""Wyckoff addresses a portion of its 46 unit RDP through inclusionary residential development at a density of up to 12 units per acre on Lots 1 and 2 in Block 259. Development of Lots 1 and 2 in Block 259 will also include a first floor retail component, with the residential portion of the development confined to the upper level. At a 15% set-aside for rental affordable units, these two lots would yield approximately 22 total units, of which 3 would be affordable rental units.""]"
Wyckoff,"Maple Lake (Sarna) – Block 320, Lots 10.02, 11 (3rd Round RDP)","Wyckoff, NJ (Maple Lake/Sarna property)",320,"10.02, 11",,inclusionary (settlement with intervenor; 60 family apartments + 1 superintendent),,"inclusionary residential overlay, 15% set-aside rental",,61,9,15.0,rental,zoned (3rd round); not yet constructed,Sarna (Intervenor),high,verified,https://library.njcourts.gov/files/civil/affordable-housing/bergen/wyckoff-twp/20250625231737.pdf,Pages 20-21 (Maple Lake (Sarna) narrative),2025-06-25,"RDP contribution = 9 affordable units + 1 bonus credit (transit, see table) = 10 total credits. Zoned but not yet built. Approved in 3rd round Judgment of Repose. [src quote: ""As a result of a settlement with the Intervenor, a portion of the two lots owned by the intervenor (Block 320, Lots 10.02 and 11) will be rezoned to permit the construction of sixty (60) family luxury apartments or condominium units plus one (1) additional unit for the building superintendent. Of the sixty (60) units to be sold or rented, 15% or 9 will be affordable family rental units (2 very low, 3 low and 4 moderate, distributed as evenly as possible among the required bedroom mix of 2 three-bedroom units, 1 one-bedroom unit and 6 two-bedroom units). The balance of the site will be acquired by Wyckoff Township as public open space.""]"
Wyckoff,"Squaw Brook Church – Block 437, Lots 18, 19, 20.02 (4th Round Unmet Need)","Squaw Brook Road, Wyckoff, NJ",437,"18, 19, 20.02",6.0,inclusionary (overlay rezoning for townhouses + limited single-family),,"inclusionary overlay, 3 du/ac, 20% for-sale / 15% rental set-aside",3.0,,,20.0,sale or rental,zoning strategy in adopted 4th round plan; ordinance to be adopted,,high,verified,https://library.njcourts.gov/files/civil/affordable-housing/bergen/wyckoff-twp/20250625231737.pdf,Page 26 (Squaw Brook Church narrative),2025-06-25,"Approximately 6 acres. Developer-initiated inclusion in plan. Significant environmental constraints (wetlands/flood hazard). 4th round unmet need strategy. Developer contacted Township seeking amended zoning for inclusionary townhouse development. [src quote: ""This 6 ac. (approximately) property along Squaw Brook road is occupied by a vacant church (Block 437, Lots 18, 19, 20.02. The Township will rezone the property to permit townhouses and limited single-family homes at a density of 3 du/ac and an affordable housing set-aside of 20% set-aside for for-sale units and a 15% set-aside for rental units. The site has significant environmental constraints, including wetlands and flood hazard area, which constrain the development potential. The developer contacted the Township for inclusion in this Housing Plan and through those discussions, the ordinance (including the density) has been crafted to accommodate the requested inclusionary development.""]"
Wyckoff,"475 Lafayette Avenue – Block 483, Lots 38.01, 46 (4th Round Unmet Need)","475 Lafayette Avenue, Wyckoff, NJ",483,"38.01, 46",6.23,inclusionary (overlay rezoning for townhouses + single-family),religious/institutional (Abundant Life Reformed Church and parsonage),"inclusionary overlay, 8 du/ac, 20% set-aside",8.0,,,20.0,sale or rental,zoning strategy in adopted 4th round plan; ordinance to be adopted,,high,verified,https://library.njcourts.gov/files/civil/affordable-housing/bergen/wyckoff-twp/20250625231737.pdf,Page 29 (475 Lafayette Avenue narrative),2025-06-25,"Occupied by church and parsonage, surrounded by single-family homes. 4th round unmet need strategy. [src quote: ""475 Lafayette Avenue (Block 483, Lots 38.01, 46 This 6.23 ac. (approximately) property is occupied by Abundant Life Reformed Church and parsonage and is surrounded by single-family homes. Zoning will permit inclusionary townhouses and single-family development at a density of 8 du/ac and an affordable housing set-aside of 20% set-aside.""]"
